"From","To (unique internal links)"
"/","/"
"/","/cars"
"/","/services"
"/","/northern-areas"
"/","/routes"
"/","/about"
"/","/contact"
"/","/book"
"/","/cars/land-cruiser-v8"
"/","/cars/prado"
"/","/cars/revo"
"/","/cars/honda-civic"
"/","/cars/toyota-grande"
"/","/cars/land-cruiser-tz"
"/","/cars/range-rover"
"/","/cars/coaster"
"/","/services/premium-car-rental"
"/","/services/chauffeur-service"
"/","/services/airport-transfers"
"/","/services/business-travel"
"/","/services/corporate-transportation"
"/","/services/family-travel"
"/","/routes/islamabad-to-murree"
"/","/routes/islamabad-to-naran"
"/","/routes/islamabad-to-hunza"
"/","/routes/islamabad-to-skardu"
"/","/routes/islamabad-to-lahore"
"/","/routes/islamabad-to-peshawar"
"/","/car-rental-pakistan"
"/","/airport-transfer/islamabad"
"/","/locations/punjab"
"/","/locations/khyber-pakhtunkhwa"
"/","/locations/gilgit-baltistan"
"/","/locations/azad-kashmir"
"/","/destinations"
"/","/faq"
"/cars","/"
"/cars","/cars"
"/cars","/services"
"/cars","/northern-areas"
"/cars","/routes"
"/cars","/about"
"/cars","/contact"
"/cars","/book"
"/cars","/cars/land-cruiser-v8"
"/cars","/cars/land-cruiser-tz"
"/cars","/cars/prado"
"/cars","/cars/revo"
"/cars","/cars/honda-civic"
"/cars","/cars/toyota-grande"
"/cars","/cars/range-rover"
"/cars","/cars/coaster"
"/cars","/car-rental-pakistan"
"/cars","/locations/punjab"
"/cars","/locations/khyber-pakhtunkhwa"
"/cars","/locations/gilgit-baltistan"
"/cars","/locations/azad-kashmir"
"/cars","/destinations"
"/cars","/airport-transfer/islamabad"
"/cars","/faq"
"/services","/"
"/services","/cars"
"/services","/services"
"/services","/northern-areas"
"/services","/routes"
"/services","/about"
"/services","/contact"
"/services","/book"
"/services","/services/premium-car-rental"
"/services","/services/chauffeur-service"
"/services","/services/airport-transfers"
"/services","/services/business-travel"
"/services","/services/corporate-transportation"
"/services","/services/family-travel"
"/services","/services/wedding-event-transportation"
"/services","/services/long-distance-travel"
"/services","/services/private-tours"
"/services","/services/vip-executive-transportation"
"/services","/services/hotel-transfers"
"/services","/services/islamabad-rawalpindi-transportation"
"/services","/services/customized-travel"
"/services","/services/group-transportation"
"/services","/car-rental-pakistan"
"/services","/locations/punjab"
"/services","/locations/khyber-pakhtunkhwa"
"/services","/locations/gilgit-baltistan"
"/services","/locations/azad-kashmir"
"/services","/destinations"
"/services","/airport-transfer/islamabad"
"/services","/faq"
"/services","/cars/land-cruiser-v8"
"/services","/cars/land-cruiser-tz"
"/services","/cars/prado"
"/services","/cars/revo"
"/services","/cars/honda-civic"
"/services","/cars/toyota-grande"
"/services","/cars/range-rover"
"/services","/cars/coaster"
"/about","/"
"/about","/cars"
"/about","/services"
"/about","/northern-areas"
"/about","/routes"
"/about","/about"
"/about","/contact"
"/about","/book"
"/about","/car-rental-pakistan"
"/about","/locations/punjab"
"/about","/locations/khyber-pakhtunkhwa"
"/about","/locations/gilgit-baltistan"
"/about","/locations/azad-kashmir"
"/about","/destinations"
"/about","/airport-transfer/islamabad"
"/about","/faq"
"/about","/cars/land-cruiser-v8"
"/about","/cars/land-cruiser-tz"
"/about","/cars/prado"
"/about","/cars/revo"
"/about","/cars/honda-civic"
"/about","/cars/toyota-grande"
"/about","/cars/range-rover"
"/about","/cars/coaster"
"/contact","/"
"/contact","/cars"
"/contact","/services"
"/contact","/northern-areas"
"/contact","/routes"
"/contact","/about"
"/contact","/contact"
"/contact","/book"
"/contact","/car-rental-pakistan"
"/contact","/locations/punjab"
"/contact","/locations/khyber-pakhtunkhwa"
"/contact","/locations/gilgit-baltistan"
"/contact","/locations/azad-kashmir"
"/contact","/destinations"
"/contact","/airport-transfer/islamabad"
"/contact","/faq"
"/contact","/cars/land-cruiser-v8"
"/contact","/cars/land-cruiser-tz"
"/contact","/cars/prado"
"/contact","/cars/revo"
"/contact","/cars/honda-civic"
"/contact","/cars/toyota-grande"
"/contact","/cars/range-rover"
"/contact","/cars/coaster"
"/book","/"
"/book","/cars"
"/book","/services"
"/book","/northern-areas"
"/book","/routes"
"/book","/about"
"/book","/contact"
"/book","/book"
"/book","/car-rental-pakistan"
"/book","/locations/punjab"
"/book","/locations/khyber-pakhtunkhwa"
"/book","/locations/gilgit-baltistan"
"/book","/locations/azad-kashmir"
"/book","/destinations"
"/book","/airport-transfer/islamabad"
"/book","/faq"
"/book","/cars/land-cruiser-v8"
"/book","/cars/land-cruiser-tz"
"/book","/cars/prado"
"/book","/cars/revo"
"/book","/cars/honda-civic"
"/book","/cars/toyota-grande"
"/book","/cars/range-rover"
"/book","/cars/coaster"
"/cars/land-cruiser-v8","/"
"/cars/land-cruiser-v8","/cars"
"/cars/land-cruiser-v8","/services"
"/cars/land-cruiser-v8","/northern-areas"
"/cars/land-cruiser-v8","/routes"
"/cars/land-cruiser-v8","/about"
"/cars/land-cruiser-v8","/contact"
"/cars/land-cruiser-v8","/book"
"/cars/land-cruiser-v8","/cars/land-cruiser-v8"
"/cars/land-cruiser-v8","/cars/land-cruiser-tz"
"/cars/land-cruiser-v8","/cars/prado"
"/cars/land-cruiser-v8","/cars/revo"
"/cars/land-cruiser-v8","/cars/honda-civic"
"/cars/land-cruiser-v8","/cars/toyota-grande"
"/cars/land-cruiser-v8","/cars/range-rover"
"/cars/land-cruiser-v8","/cars/coaster"
"/cars/land-cruiser-v8","/locations/islamabad"
"/cars/land-cruiser-v8","/locations/rawalpindi"
"/cars/land-cruiser-v8","/routes/islamabad-to-lahore"
"/cars/land-cruiser-v8","/routes/islamabad-to-peshawar"
"/cars/land-cruiser-v8","/routes/islamabad-to-faisalabad"
"/cars/land-cruiser-v8","/routes/islamabad-to-multan"
"/cars/land-cruiser-v8","/routes/islamabad-to-murree"
"/cars/land-cruiser-v8","/routes/islamabad-to-abbottabad"
"/cars/land-cruiser-v8","/services/premium-car-rental"
"/cars/land-cruiser-v8","/services/airport-transfers"
"/cars/land-cruiser-v8","/services/family-travel"
"/cars/land-cruiser-v8","/services/wedding-event-transportation"
"/cars/land-cruiser-v8","/services/long-distance-travel"
"/cars/land-cruiser-v8","/services/private-tours"
"/cars/land-cruiser-v8","/car-rental-pakistan"
"/cars/land-cruiser-v8","/locations/punjab"
"/cars/land-cruiser-v8","/locations/khyber-pakhtunkhwa"
"/cars/land-cruiser-v8","/locations/gilgit-baltistan"
"/cars/land-cruiser-v8","/locations/azad-kashmir"
"/cars/land-cruiser-v8","/destinations"
"/cars/land-cruiser-v8","/airport-transfer/islamabad"
"/cars/land-cruiser-v8","/faq"
"/cars/land-cruiser-tz","/"
"/cars/land-cruiser-tz","/cars"
"/cars/land-cruiser-tz","/services"
"/cars/land-cruiser-tz","/northern-areas"
"/cars/land-cruiser-tz","/routes"
"/cars/land-cruiser-tz","/about"
"/cars/land-cruiser-tz","/contact"
"/cars/land-cruiser-tz","/book"
"/cars/land-cruiser-tz","/cars/land-cruiser-tz"
"/cars/land-cruiser-tz","/cars/land-cruiser-v8"
"/cars/land-cruiser-tz","/cars/prado"
"/cars/land-cruiser-tz","/cars/revo"
"/cars/land-cruiser-tz","/cars/honda-civic"
"/cars/land-cruiser-tz","/cars/toyota-grande"
"/cars/land-cruiser-tz","/cars/range-rover"
"/cars/land-cruiser-tz","/cars/coaster"
"/cars/land-cruiser-tz","/routes/islamabad-to-naran"
"/cars/land-cruiser-tz","/routes/islamabad-to-chitral"
"/cars/land-cruiser-tz","/routes/islamabad-to-gilgit"
"/cars/land-cruiser-tz","/routes/islamabad-to-hunza"
"/cars/land-cruiser-tz","/routes/islamabad-to-skardu"
"/cars/land-cruiser-tz","/destinations/babusar-top"
"/cars/land-cruiser-tz","/destinations/deosai-national-park"
"/cars/land-cruiser-tz","/services/chauffeur-service"
"/cars/land-cruiser-tz","/services/business-travel"
"/cars/land-cruiser-tz","/services/corporate-transportation"
"/cars/land-cruiser-tz","/services/vip-executive-transportation"
"/cars/land-cruiser-tz","/car-rental-pakistan"
"/cars/land-cruiser-tz","/locations/punjab"
"/cars/land-cruiser-tz","/locations/khyber-pakhtunkhwa"
"/cars/land-cruiser-tz","/locations/gilgit-baltistan"
"/cars/land-cruiser-tz","/locations/azad-kashmir"
"/cars/land-cruiser-tz","/destinations"
"/cars/land-cruiser-tz","/airport-transfer/islamabad"
"/cars/land-cruiser-tz","/faq"
"/cars/prado","/"
"/cars/prado","/cars"
"/cars/prado","/services"
"/cars/prado","/northern-areas"
"/cars/prado","/routes"
"/cars/prado","/about"
"/cars/prado","/contact"
"/cars/prado","/book"
"/cars/prado","/cars/prado"
"/cars/prado","/cars/land-cruiser-v8"
"/cars/prado","/cars/land-cruiser-tz"
"/cars/prado","/cars/revo"
"/cars/prado","/cars/honda-civic"
"/cars/prado","/cars/toyota-grande"
"/cars/prado","/cars/range-rover"
"/cars/prado","/cars/coaster"
"/cars/prado","/locations/islamabad"
"/cars/prado","/locations/rawalpindi"
"/cars/prado","/routes/islamabad-to-lahore"
"/cars/prado","/routes/islamabad-to-peshawar"
"/cars/prado","/routes/islamabad-to-faisalabad"
"/cars/prado","/routes/islamabad-to-multan"
"/cars/prado","/routes/islamabad-to-murree"
"/cars/prado","/routes/islamabad-to-abbottabad"
"/cars/prado","/services/premium-car-rental"
"/cars/prado","/services/airport-transfers"
"/cars/prado","/services/business-travel"
"/cars/prado","/services/corporate-transportation"
"/cars/prado","/services/family-travel"
"/cars/prado","/services/long-distance-travel"
"/cars/prado","/car-rental-pakistan"
"/cars/prado","/locations/punjab"
"/cars/prado","/locations/khyber-pakhtunkhwa"
"/cars/prado","/locations/gilgit-baltistan"
"/cars/prado","/locations/azad-kashmir"
"/cars/prado","/destinations"
"/cars/prado","/airport-transfer/islamabad"
"/cars/prado","/faq"
"/cars/revo","/"
"/cars/revo","/cars"
"/cars/revo","/services"
"/cars/revo","/northern-areas"
"/cars/revo","/routes"
"/cars/revo","/about"
"/cars/revo","/contact"
"/cars/revo","/book"
"/cars/revo","/cars/revo"
"/cars/revo","/cars/land-cruiser-v8"
"/cars/revo","/cars/land-cruiser-tz"
"/cars/revo","/cars/prado"
"/cars/revo","/cars/honda-civic"
"/cars/revo","/cars/toyota-grande"
"/cars/revo","/cars/range-rover"
"/cars/revo","/cars/coaster"
"/cars/revo","/routes/islamabad-to-murree"
"/cars/revo","/routes/islamabad-to-abbottabad"
"/cars/revo","/routes/islamabad-to-swat"
"/cars/revo","/routes/islamabad-to-naran"
"/cars/revo","/routes/islamabad-to-chitral"
"/cars/revo","/routes/islamabad-to-gilgit"
"/cars/revo","/routes/islamabad-to-hunza"
"/cars/revo","/routes/islamabad-to-skardu"
"/cars/revo","/services/private-tours"
"/cars/revo","/services/customized-travel"
"/cars/revo","/car-rental-pakistan"
"/cars/revo","/locations/punjab"
"/cars/revo","/locations/khyber-pakhtunkhwa"
"/cars/revo","/locations/gilgit-baltistan"
"/cars/revo","/locations/azad-kashmir"
"/cars/revo","/destinations"
"/cars/revo","/airport-transfer/islamabad"
"/cars/revo","/faq"
"/cars/honda-civic","/"
"/cars/honda-civic","/cars"
"/cars/honda-civic","/services"
"/cars/honda-civic","/northern-areas"
"/cars/honda-civic","/routes"
"/cars/honda-civic","/about"
"/cars/honda-civic","/contact"
"/cars/honda-civic","/book"
"/cars/honda-civic","/cars/honda-civic"
"/cars/honda-civic","/cars/land-cruiser-v8"
"/cars/honda-civic","/cars/land-cruiser-tz"
"/cars/honda-civic","/cars/prado"
"/cars/honda-civic","/cars/revo"
"/cars/honda-civic","/cars/toyota-grande"
"/cars/honda-civic","/cars/range-rover"
"/cars/honda-civic","/cars/coaster"
"/cars/honda-civic","/locations/islamabad"
"/cars/honda-civic","/locations/rawalpindi"
"/cars/honda-civic","/routes/islamabad-to-lahore"
"/cars/honda-civic","/routes/islamabad-to-peshawar"
"/cars/honda-civic","/routes/islamabad-to-faisalabad"
"/cars/honda-civic","/routes/islamabad-to-multan"
"/cars/honda-civic","/services/premium-car-rental"
"/cars/honda-civic","/services/chauffeur-service"
"/cars/honda-civic","/services/airport-transfers"
"/cars/honda-civic","/services/business-travel"
"/cars/honda-civic","/services/wedding-event-transportation"
"/cars/honda-civic","/services/hotel-transfers"
"/cars/honda-civic","/car-rental-pakistan"
"/cars/honda-civic","/locations/punjab"
"/cars/honda-civic","/locations/khyber-pakhtunkhwa"
"/cars/honda-civic","/locations/gilgit-baltistan"
"/cars/honda-civic","/locations/azad-kashmir"
"/cars/honda-civic","/destinations"
"/cars/honda-civic","/airport-transfer/islamabad"
"/cars/honda-civic","/faq"
"/cars/toyota-grande","/"
"/cars/toyota-grande","/cars"
"/cars/toyota-grande","/services"
"/cars/toyota-grande","/northern-areas"
"/cars/toyota-grande","/routes"
"/cars/toyota-grande","/about"
"/cars/toyota-grande","/contact"
"/cars/toyota-grande","/book"
"/cars/toyota-grande","/cars/toyota-grande"
"/cars/toyota-grande","/cars/land-cruiser-v8"
"/cars/toyota-grande","/cars/land-cruiser-tz"
"/cars/toyota-grande","/cars/prado"
"/cars/toyota-grande","/cars/revo"
"/cars/toyota-grande","/cars/honda-civic"
"/cars/toyota-grande","/cars/range-rover"
"/cars/toyota-grande","/cars/coaster"
"/cars/toyota-grande","/locations/islamabad"
"/cars/toyota-grande","/locations/rawalpindi"
"/cars/toyota-grande","/routes/islamabad-to-lahore"
"/cars/toyota-grande","/routes/islamabad-to-peshawar"
"/cars/toyota-grande","/routes/islamabad-to-faisalabad"
"/cars/toyota-grande","/routes/islamabad-to-multan"
"/cars/toyota-grande","/routes/islamabad-to-murree"
"/cars/toyota-grande","/routes/islamabad-to-abbottabad"
"/cars/toyota-grande","/services/premium-car-rental"
"/cars/toyota-grande","/services/chauffeur-service"
"/cars/toyota-grande","/services/airport-transfers"
"/cars/toyota-grande","/services/business-travel"
"/cars/toyota-grande","/services/corporate-transportation"
"/cars/toyota-grande","/services/family-travel"
"/cars/toyota-grande","/car-rental-pakistan"
"/cars/toyota-grande","/locations/punjab"
"/cars/toyota-grande","/locations/khyber-pakhtunkhwa"
"/cars/toyota-grande","/locations/gilgit-baltistan"
"/cars/toyota-grande","/locations/azad-kashmir"
"/cars/toyota-grande","/destinations"
"/cars/toyota-grande","/airport-transfer/islamabad"
"/cars/toyota-grande","/faq"
"/cars/range-rover","/"
"/cars/range-rover","/cars"
"/cars/range-rover","/services"
"/cars/range-rover","/northern-areas"
"/cars/range-rover","/routes"
"/cars/range-rover","/about"
"/cars/range-rover","/contact"
"/cars/range-rover","/book"
"/cars/range-rover","/cars/range-rover"
"/cars/range-rover","/cars/land-cruiser-v8"
"/cars/range-rover","/cars/land-cruiser-tz"
"/cars/range-rover","/cars/prado"
"/cars/range-rover","/cars/revo"
"/cars/range-rover","/cars/honda-civic"
"/cars/range-rover","/cars/toyota-grande"
"/cars/range-rover","/cars/coaster"
"/cars/range-rover","/locations/islamabad"
"/cars/range-rover","/locations/rawalpindi"
"/cars/range-rover","/services/chauffeur-service"
"/cars/range-rover","/services/wedding-event-transportation"
"/cars/range-rover","/services/vip-executive-transportation"
"/cars/range-rover","/car-rental-pakistan"
"/cars/range-rover","/locations/punjab"
"/cars/range-rover","/locations/khyber-pakhtunkhwa"
"/cars/range-rover","/locations/gilgit-baltistan"
"/cars/range-rover","/locations/azad-kashmir"
"/cars/range-rover","/destinations"
"/cars/range-rover","/airport-transfer/islamabad"
"/cars/range-rover","/faq"
"/cars/coaster","/"
"/cars/coaster","/cars"
"/cars/coaster","/services"
"/cars/coaster","/northern-areas"
"/cars/coaster","/routes"
"/cars/coaster","/about"
"/cars/coaster","/contact"
"/cars/coaster","/book"
"/cars/coaster","/cars/coaster"
"/cars/coaster","/cars/land-cruiser-v8"
"/cars/coaster","/cars/land-cruiser-tz"
"/cars/coaster","/cars/prado"
"/cars/coaster","/cars/revo"
"/cars/coaster","/cars/honda-civic"
"/cars/coaster","/cars/toyota-grande"
"/cars/coaster","/cars/range-rover"
"/cars/coaster","/routes/islamabad-to-lahore"
"/cars/coaster","/routes/islamabad-to-peshawar"
"/cars/coaster","/routes/islamabad-to-faisalabad"
"/cars/coaster","/routes/islamabad-to-multan"
"/cars/coaster","/routes/islamabad-to-murree"
"/cars/coaster","/routes/islamabad-to-abbottabad"
"/cars/coaster","/routes/islamabad-to-swat"
"/cars/coaster","/routes/islamabad-to-naran"
"/cars/coaster","/services/corporate-transportation"
"/cars/coaster","/services/family-travel"
"/cars/coaster","/services/wedding-event-transportation"
"/cars/coaster","/services/long-distance-travel"
"/cars/coaster","/services/private-tours"
"/cars/coaster","/services/customized-travel"
"/cars/coaster","/car-rental-pakistan"
"/cars/coaster","/locations/punjab"
"/cars/coaster","/locations/khyber-pakhtunkhwa"
"/cars/coaster","/locations/gilgit-baltistan"
"/cars/coaster","/locations/azad-kashmir"
"/cars/coaster","/destinations"
"/cars/coaster","/airport-transfer/islamabad"
"/cars/coaster","/faq"
"/airport-transfer/islamabad","/"
"/airport-transfer/islamabad","/cars"
"/airport-transfer/islamabad","/services"
"/airport-transfer/islamabad","/northern-areas"
"/airport-transfer/islamabad","/routes"
"/airport-transfer/islamabad","/about"
"/airport-transfer/islamabad","/contact"
"/airport-transfer/islamabad","/book"
"/airport-transfer/islamabad","/services/airport-transfers"
"/airport-transfer/islamabad","/services/family-travel"
"/airport-transfer/islamabad","/services/business-travel"
"/airport-transfer/islamabad","/services/corporate-transportation"
"/airport-transfer/islamabad","/services/hotel-transfers"
"/airport-transfer/islamabad","/cars/honda-civic"
"/airport-transfer/islamabad","/cars/toyota-grande"
"/airport-transfer/islamabad","/cars/prado"
"/airport-transfer/islamabad","/cars/land-cruiser-v8"
"/airport-transfer/islamabad","/cars/coaster"
"/airport-transfer/islamabad","/locations/islamabad"
"/airport-transfer/islamabad","/locations/rawalpindi"
"/airport-transfer/islamabad","/routes/islamabad-to-murree"
"/airport-transfer/islamabad","/routes/islamabad-to-lahore"
"/airport-transfer/islamabad","/car-rental-pakistan"
"/airport-transfer/islamabad","/locations/punjab"
"/airport-transfer/islamabad","/locations/khyber-pakhtunkhwa"
"/airport-transfer/islamabad","/locations/gilgit-baltistan"
"/airport-transfer/islamabad","/locations/azad-kashmir"
"/airport-transfer/islamabad","/destinations"
"/airport-transfer/islamabad","/airport-transfer/islamabad"
"/airport-transfer/islamabad","/faq"
"/airport-transfer/islamabad","/cars/land-cruiser-tz"
"/airport-transfer/islamabad","/cars/revo"
"/airport-transfer/islamabad","/cars/range-rover"
"/services/premium-car-rental","/"
"/services/premium-car-rental","/cars"
"/services/premium-car-rental","/services"
"/services/premium-car-rental","/northern-areas"
"/services/premium-car-rental","/routes"
"/services/premium-car-rental","/about"
"/services/premium-car-rental","/contact"
"/services/premium-car-rental","/book"
"/services/premium-car-rental","/cars/prado"
"/services/premium-car-rental","/cars/land-cruiser-v8"
"/services/premium-car-rental","/cars/toyota-grande"
"/services/premium-car-rental","/cars/honda-civic"
"/services/premium-car-rental","/locations/islamabad"
"/services/premium-car-rental","/locations/rawalpindi"
"/services/premium-car-rental","/routes/islamabad-to-murree"
"/services/premium-car-rental","/routes/islamabad-to-lahore"
"/services/premium-car-rental","/services/chauffeur-service"
"/services/premium-car-rental","/services/airport-transfers"
"/services/premium-car-rental","/services/business-travel"
"/services/premium-car-rental","/services/corporate-transportation"
"/services/premium-car-rental","/car-rental-pakistan"
"/services/premium-car-rental","/locations/punjab"
"/services/premium-car-rental","/locations/khyber-pakhtunkhwa"
"/services/premium-car-rental","/locations/gilgit-baltistan"
"/services/premium-car-rental","/locations/azad-kashmir"
"/services/premium-car-rental","/destinations"
"/services/premium-car-rental","/airport-transfer/islamabad"
"/services/premium-car-rental","/faq"
"/services/premium-car-rental","/cars/land-cruiser-tz"
"/services/premium-car-rental","/cars/revo"
"/services/premium-car-rental","/cars/range-rover"
"/services/premium-car-rental","/cars/coaster"
"/services/chauffeur-service","/"
"/services/chauffeur-service","/cars"
"/services/chauffeur-service","/services"
"/services/chauffeur-service","/northern-areas"
"/services/chauffeur-service","/routes"
"/services/chauffeur-service","/about"
"/services/chauffeur-service","/contact"
"/services/chauffeur-service","/book"
"/services/chauffeur-service","/cars/toyota-grande"
"/services/chauffeur-service","/cars/honda-civic"
"/services/chauffeur-service","/cars/land-cruiser-tz"
"/services/chauffeur-service","/cars/range-rover"
"/services/chauffeur-service","/locations/islamabad"
"/services/chauffeur-service","/locations/rawalpindi"
"/services/chauffeur-service","/services/premium-car-rental"
"/services/chauffeur-service","/services/airport-transfers"
"/services/chauffeur-service","/services/business-travel"
"/services/chauffeur-service","/services/corporate-transportation"
"/services/chauffeur-service","/car-rental-pakistan"
"/services/chauffeur-service","/locations/punjab"
"/services/chauffeur-service","/locations/khyber-pakhtunkhwa"
"/services/chauffeur-service","/locations/gilgit-baltistan"
"/services/chauffeur-service","/locations/azad-kashmir"
"/services/chauffeur-service","/destinations"
"/services/chauffeur-service","/airport-transfer/islamabad"
"/services/chauffeur-service","/faq"
"/services/chauffeur-service","/cars/land-cruiser-v8"
"/services/chauffeur-service","/cars/prado"
"/services/chauffeur-service","/cars/revo"
"/services/chauffeur-service","/cars/coaster"
"/services/airport-transfers","/"
"/services/airport-transfers","/cars"
"/services/airport-transfers","/services"
"/services/airport-transfers","/northern-areas"
"/services/airport-transfers","/routes"
"/services/airport-transfers","/about"
"/services/airport-transfers","/contact"
"/services/airport-transfers","/book"
"/services/airport-transfers","/cars/honda-civic"
"/services/airport-transfers","/cars/toyota-grande"
"/services/airport-transfers","/cars/prado"
"/services/airport-transfers","/cars/land-cruiser-v8"
"/services/airport-transfers","/locations/islamabad"
"/services/airport-transfers","/locations/rawalpindi"
"/services/airport-transfers","/services/premium-car-rental"
"/services/airport-transfers","/services/chauffeur-service"
"/services/airport-transfers","/services/business-travel"
"/services/airport-transfers","/services/corporate-transportation"
"/services/airport-transfers","/car-rental-pakistan"
"/services/airport-transfers","/locations/punjab"
"/services/airport-transfers","/locations/khyber-pakhtunkhwa"
"/services/airport-transfers","/locations/gilgit-baltistan"
"/services/airport-transfers","/locations/azad-kashmir"
"/services/airport-transfers","/destinations"
"/services/airport-transfers","/airport-transfer/islamabad"
"/services/airport-transfers","/faq"
"/services/airport-transfers","/cars/land-cruiser-tz"
"/services/airport-transfers","/cars/revo"
"/services/airport-transfers","/cars/range-rover"
"/services/airport-transfers","/cars/coaster"
"/services/business-travel","/"
"/services/business-travel","/cars"
"/services/business-travel","/services"
"/services/business-travel","/northern-areas"
"/services/business-travel","/routes"
"/services/business-travel","/about"
"/services/business-travel","/contact"
"/services/business-travel","/book"
"/services/business-travel","/cars/toyota-grande"
"/services/business-travel","/cars/honda-civic"
"/services/business-travel","/cars/prado"
"/services/business-travel","/cars/land-cruiser-tz"
"/services/business-travel","/locations/islamabad"
"/services/business-travel","/routes/islamabad-to-lahore"
"/services/business-travel","/routes/islamabad-to-peshawar"
"/services/business-travel","/routes/islamabad-to-faisalabad"
"/services/business-travel","/services/premium-car-rental"
"/services/business-travel","/services/chauffeur-service"
"/services/business-travel","/services/airport-transfers"
"/services/business-travel","/services/corporate-transportation"
"/services/business-travel","/car-rental-pakistan"
"/services/business-travel","/locations/punjab"
"/services/business-travel","/locations/khyber-pakhtunkhwa"
"/services/business-travel","/locations/gilgit-baltistan"
"/services/business-travel","/locations/azad-kashmir"
"/services/business-travel","/destinations"
"/services/business-travel","/airport-transfer/islamabad"
"/services/business-travel","/faq"
"/services/business-travel","/cars/land-cruiser-v8"
"/services/business-travel","/cars/revo"
"/services/business-travel","/cars/range-rover"
"/services/business-travel","/cars/coaster"
"/services/corporate-transportation","/"
"/services/corporate-transportation","/cars"
"/services/corporate-transportation","/services"
"/services/corporate-transportation","/northern-areas"
"/services/corporate-transportation","/routes"
"/services/corporate-transportation","/about"
"/services/corporate-transportation","/contact"
"/services/corporate-transportation","/book"
"/services/corporate-transportation","/cars/land-cruiser-tz"
"/services/corporate-transportation","/cars/prado"
"/services/corporate-transportation","/cars/toyota-grande"
"/services/corporate-transportation","/cars/coaster"
"/services/corporate-transportation","/locations/islamabad"
"/services/corporate-transportation","/locations/rawalpindi"
"/services/corporate-transportation","/services/premium-car-rental"
"/services/corporate-transportation","/services/chauffeur-service"
"/services/corporate-transportation","/services/airport-transfers"
"/services/corporate-transportation","/services/business-travel"
"/services/corporate-transportation","/car-rental-pakistan"
"/services/corporate-transportation","/locations/punjab"
"/services/corporate-transportation","/locations/khyber-pakhtunkhwa"
"/services/corporate-transportation","/locations/gilgit-baltistan"
"/services/corporate-transportation","/locations/azad-kashmir"
"/services/corporate-transportation","/destinations"
"/services/corporate-transportation","/airport-transfer/islamabad"
"/services/corporate-transportation","/faq"
"/services/corporate-transportation","/cars/land-cruiser-v8"
"/services/corporate-transportation","/cars/revo"
"/services/corporate-transportation","/cars/honda-civic"
"/services/corporate-transportation","/cars/range-rover"
"/services/family-travel","/"
"/services/family-travel","/cars"
"/services/family-travel","/services"
"/services/family-travel","/northern-areas"
"/services/family-travel","/routes"
"/services/family-travel","/about"
"/services/family-travel","/contact"
"/services/family-travel","/book"
"/services/family-travel","/cars/prado"
"/services/family-travel","/cars/land-cruiser-v8"
"/services/family-travel","/cars/toyota-grande"
"/services/family-travel","/cars/coaster"
"/services/family-travel","/routes/islamabad-to-murree"
"/services/family-travel","/routes/islamabad-to-naran"
"/services/family-travel","/routes/islamabad-to-swat"
"/services/family-travel","/routes/islamabad-to-hunza"
"/services/family-travel","/services/premium-car-rental"
"/services/family-travel","/services/chauffeur-service"
"/services/family-travel","/services/airport-transfers"
"/services/family-travel","/services/business-travel"
"/services/family-travel","/car-rental-pakistan"
"/services/family-travel","/locations/punjab"
"/services/family-travel","/locations/khyber-pakhtunkhwa"
"/services/family-travel","/locations/gilgit-baltistan"
"/services/family-travel","/locations/azad-kashmir"
"/services/family-travel","/destinations"
"/services/family-travel","/airport-transfer/islamabad"
"/services/family-travel","/faq"
"/services/family-travel","/cars/land-cruiser-tz"
"/services/family-travel","/cars/revo"
"/services/family-travel","/cars/honda-civic"
"/services/family-travel","/cars/range-rover"
"/services/wedding-event-transportation","/"
"/services/wedding-event-transportation","/cars"
"/services/wedding-event-transportation","/services"
"/services/wedding-event-transportation","/northern-areas"
"/services/wedding-event-transportation","/routes"
"/services/wedding-event-transportation","/about"
"/services/wedding-event-transportation","/contact"
"/services/wedding-event-transportation","/book"
"/services/wedding-event-transportation","/cars/land-cruiser-v8"
"/services/wedding-event-transportation","/cars/range-rover"
"/services/wedding-event-transportation","/cars/honda-civic"
"/services/wedding-event-transportation","/cars/coaster"
"/services/wedding-event-transportation","/locations/islamabad"
"/services/wedding-event-transportation","/locations/rawalpindi"
"/services/wedding-event-transportation","/routes/islamabad-to-lahore"
"/services/wedding-event-transportation","/services/premium-car-rental"
"/services/wedding-event-transportation","/services/chauffeur-service"
"/services/wedding-event-transportation","/services/airport-transfers"
"/services/wedding-event-transportation","/services/business-travel"
"/services/wedding-event-transportation","/car-rental-pakistan"
"/services/wedding-event-transportation","/locations/punjab"
"/services/wedding-event-transportation","/locations/khyber-pakhtunkhwa"
"/services/wedding-event-transportation","/locations/gilgit-baltistan"
"/services/wedding-event-transportation","/locations/azad-kashmir"
"/services/wedding-event-transportation","/destinations"
"/services/wedding-event-transportation","/airport-transfer/islamabad"
"/services/wedding-event-transportation","/faq"
"/services/wedding-event-transportation","/cars/land-cruiser-tz"
"/services/wedding-event-transportation","/cars/prado"
"/services/wedding-event-transportation","/cars/revo"
"/services/wedding-event-transportation","/cars/toyota-grande"
"/services/long-distance-travel","/"
"/services/long-distance-travel","/cars"
"/services/long-distance-travel","/services"
"/services/long-distance-travel","/northern-areas"
"/services/long-distance-travel","/routes"
"/services/long-distance-travel","/about"
"/services/long-distance-travel","/contact"
"/services/long-distance-travel","/book"
"/services/long-distance-travel","/cars/prado"
"/services/long-distance-travel","/cars/land-cruiser-v8"
"/services/long-distance-travel","/cars/toyota-grande"
"/services/long-distance-travel","/cars/coaster"
"/services/long-distance-travel","/routes/islamabad-to-lahore"
"/services/long-distance-travel","/routes/islamabad-to-peshawar"
"/services/long-distance-travel","/routes/islamabad-to-faisalabad"
"/services/long-distance-travel","/routes/islamabad-to-multan"
"/services/long-distance-travel","/services/premium-car-rental"
"/services/long-distance-travel","/services/chauffeur-service"
"/services/long-distance-travel","/services/airport-transfers"
"/services/long-distance-travel","/services/business-travel"
"/services/long-distance-travel","/car-rental-pakistan"
"/services/long-distance-travel","/locations/punjab"
"/services/long-distance-travel","/locations/khyber-pakhtunkhwa"
"/services/long-distance-travel","/locations/gilgit-baltistan"
"/services/long-distance-travel","/locations/azad-kashmir"
"/services/long-distance-travel","/destinations"
"/services/long-distance-travel","/airport-transfer/islamabad"
"/services/long-distance-travel","/faq"
"/services/long-distance-travel","/cars/land-cruiser-tz"
"/services/long-distance-travel","/cars/revo"
"/services/long-distance-travel","/cars/honda-civic"
"/services/long-distance-travel","/cars/range-rover"
"/services/private-tours","/"
"/services/private-tours","/cars"
"/services/private-tours","/services"
"/services/private-tours","/northern-areas"
"/services/private-tours","/routes"
"/services/private-tours","/about"
"/services/private-tours","/contact"
"/services/private-tours","/book"
"/services/private-tours","/cars/revo"
"/services/private-tours","/cars/prado"
"/services/private-tours","/cars/land-cruiser-v8"
"/services/private-tours","/cars/coaster"
"/services/private-tours","/routes/islamabad-to-murree"
"/services/private-tours","/routes/islamabad-to-naran"
"/services/private-tours","/routes/islamabad-to-hunza"
"/services/private-tours","/routes/islamabad-to-skardu"
"/services/private-tours","/services/premium-car-rental"
"/services/private-tours","/services/airport-transfers"
"/services/private-tours","/services/business-travel"
"/services/private-tours","/services/corporate-transportation"
"/services/private-tours","/car-rental-pakistan"
"/services/private-tours","/locations/punjab"
"/services/private-tours","/locations/khyber-pakhtunkhwa"
"/services/private-tours","/locations/gilgit-baltistan"
"/services/private-tours","/locations/azad-kashmir"
"/services/private-tours","/destinations"
"/services/private-tours","/airport-transfer/islamabad"
"/services/private-tours","/faq"
"/services/private-tours","/cars/land-cruiser-tz"
"/services/private-tours","/cars/honda-civic"
"/services/private-tours","/cars/toyota-grande"
"/services/private-tours","/cars/range-rover"
"/services/vip-executive-transportation","/"
"/services/vip-executive-transportation","/cars"
"/services/vip-executive-transportation","/services"
"/services/vip-executive-transportation","/northern-areas"
"/services/vip-executive-transportation","/routes"
"/services/vip-executive-transportation","/about"
"/services/vip-executive-transportation","/contact"
"/services/vip-executive-transportation","/book"
"/services/vip-executive-transportation","/cars/land-cruiser-tz"
"/services/vip-executive-transportation","/cars/land-cruiser-v8"
"/services/vip-executive-transportation","/cars/range-rover"
"/services/vip-executive-transportation","/cars/prado"
"/services/vip-executive-transportation","/locations/islamabad"
"/services/vip-executive-transportation","/locations/rawalpindi"
"/services/vip-executive-transportation","/services/premium-car-rental"
"/services/vip-executive-transportation","/services/chauffeur-service"
"/services/vip-executive-transportation","/services/airport-transfers"
"/services/vip-executive-transportation","/services/business-travel"
"/services/vip-executive-transportation","/car-rental-pakistan"
"/services/vip-executive-transportation","/locations/punjab"
"/services/vip-executive-transportation","/locations/khyber-pakhtunkhwa"
"/services/vip-executive-transportation","/locations/gilgit-baltistan"
"/services/vip-executive-transportation","/locations/azad-kashmir"
"/services/vip-executive-transportation","/destinations"
"/services/vip-executive-transportation","/airport-transfer/islamabad"
"/services/vip-executive-transportation","/faq"
"/services/vip-executive-transportation","/cars/revo"
"/services/vip-executive-transportation","/cars/honda-civic"
"/services/vip-executive-transportation","/cars/toyota-grande"
"/services/vip-executive-transportation","/cars/coaster"
"/services/hotel-transfers","/"
"/services/hotel-transfers","/cars"
"/services/hotel-transfers","/services"
"/services/hotel-transfers","/northern-areas"
"/services/hotel-transfers","/routes"
"/services/hotel-transfers","/about"
"/services/hotel-transfers","/contact"
"/services/hotel-transfers","/book"
"/services/hotel-transfers","/cars/toyota-grande"
"/services/hotel-transfers","/cars/honda-civic"
"/services/hotel-transfers","/cars/prado"
"/services/hotel-transfers","/cars/land-cruiser-v8"
"/services/hotel-transfers","/locations/islamabad"
"/services/hotel-transfers","/locations/rawalpindi"
"/services/hotel-transfers","/services/premium-car-rental"
"/services/hotel-transfers","/services/chauffeur-service"
"/services/hotel-transfers","/services/airport-transfers"
"/services/hotel-transfers","/services/business-travel"
"/services/hotel-transfers","/car-rental-pakistan"
"/services/hotel-transfers","/locations/punjab"
"/services/hotel-transfers","/locations/khyber-pakhtunkhwa"
"/services/hotel-transfers","/locations/gilgit-baltistan"
"/services/hotel-transfers","/locations/azad-kashmir"
"/services/hotel-transfers","/destinations"
"/services/hotel-transfers","/airport-transfer/islamabad"
"/services/hotel-transfers","/faq"
"/services/hotel-transfers","/cars/land-cruiser-tz"
"/services/hotel-transfers","/cars/revo"
"/services/hotel-transfers","/cars/range-rover"
"/services/hotel-transfers","/cars/coaster"
"/services/islamabad-rawalpindi-transportation","/"
"/services/islamabad-rawalpindi-transportation","/cars"
"/services/islamabad-rawalpindi-transportation","/services"
"/services/islamabad-rawalpindi-transportation","/northern-areas"
"/services/islamabad-rawalpindi-transportation","/routes"
"/services/islamabad-rawalpindi-transportation","/about"
"/services/islamabad-rawalpindi-transportation","/contact"
"/services/islamabad-rawalpindi-transportation","/book"
"/services/islamabad-rawalpindi-transportation","/cars/honda-civic"
"/services/islamabad-rawalpindi-transportation","/cars/toyota-grande"
"/services/islamabad-rawalpindi-transportation","/cars/prado"
"/services/islamabad-rawalpindi-transportation","/cars/land-cruiser-v8"
"/services/islamabad-rawalpindi-transportation","/locations/islamabad"
"/services/islamabad-rawalpindi-transportation","/locations/rawalpindi"
"/services/islamabad-rawalpindi-transportation","/services/premium-car-rental"
"/services/islamabad-rawalpindi-transportation","/services/chauffeur-service"
"/services/islamabad-rawalpindi-transportation","/services/airport-transfers"
"/services/islamabad-rawalpindi-transportation","/services/business-travel"
"/services/islamabad-rawalpindi-transportation","/car-rental-pakistan"
"/services/islamabad-rawalpindi-transportation","/locations/punjab"
"/services/islamabad-rawalpindi-transportation","/locations/khyber-pakhtunkhwa"
"/services/islamabad-rawalpindi-transportation","/locations/gilgit-baltistan"
"/services/islamabad-rawalpindi-transportation","/locations/azad-kashmir"
"/services/islamabad-rawalpindi-transportation","/destinations"
"/services/islamabad-rawalpindi-transportation","/airport-transfer/islamabad"
"/services/islamabad-rawalpindi-transportation","/faq"
"/services/islamabad-rawalpindi-transportation","/cars/land-cruiser-tz"
"/services/islamabad-rawalpindi-transportation","/cars/revo"
"/services/islamabad-rawalpindi-transportation","/cars/range-rover"
"/services/islamabad-rawalpindi-transportation","/cars/coaster"
"/services/customized-travel","/"
"/services/customized-travel","/cars"
"/services/customized-travel","/services"
"/services/customized-travel","/northern-areas"
"/services/customized-travel","/routes"
"/services/customized-travel","/about"
"/services/customized-travel","/contact"
"/services/customized-travel","/book"
"/services/customized-travel","/cars/prado"
"/services/customized-travel","/cars/land-cruiser-v8"
"/services/customized-travel","/cars/revo"
"/services/customized-travel","/cars/coaster"
"/services/customized-travel","/locations/islamabad"
"/services/customized-travel","/routes/islamabad-to-hunza"
"/services/customized-travel","/routes/islamabad-to-skardu"
"/services/customized-travel","/routes/islamabad-to-murree"
"/services/customized-travel","/services/premium-car-rental"
"/services/customized-travel","/services/airport-transfers"
"/services/customized-travel","/services/business-travel"
"/services/customized-travel","/services/corporate-transportation"
"/services/customized-travel","/car-rental-pakistan"
"/services/customized-travel","/locations/punjab"
"/services/customized-travel","/locations/khyber-pakhtunkhwa"
"/services/customized-travel","/locations/gilgit-baltistan"
"/services/customized-travel","/locations/azad-kashmir"
"/services/customized-travel","/destinations"
"/services/customized-travel","/airport-transfer/islamabad"
"/services/customized-travel","/faq"
"/services/customized-travel","/cars/land-cruiser-tz"
"/services/customized-travel","/cars/honda-civic"
"/services/customized-travel","/cars/toyota-grande"
"/services/customized-travel","/cars/range-rover"
"/services/group-transportation","/"
"/services/group-transportation","/cars"
"/services/group-transportation","/services"
"/services/group-transportation","/northern-areas"
"/services/group-transportation","/routes"
"/services/group-transportation","/about"
"/services/group-transportation","/contact"
"/services/group-transportation","/book"
"/services/group-transportation","/cars/coaster"
"/services/group-transportation","/cars/prado"
"/services/group-transportation","/cars/land-cruiser-v8"
"/services/group-transportation","/locations/islamabad"
"/services/group-transportation","/routes/islamabad-to-murree"
"/services/group-transportation","/routes/islamabad-to-naran"
"/services/group-transportation","/routes/islamabad-to-hunza"
"/services/group-transportation","/services/premium-car-rental"
"/services/group-transportation","/services/airport-transfers"
"/services/group-transportation","/services/business-travel"
"/services/group-transportation","/services/corporate-transportation"
"/services/group-transportation","/car-rental-pakistan"
"/services/group-transportation","/locations/punjab"
"/services/group-transportation","/locations/khyber-pakhtunkhwa"
"/services/group-transportation","/locations/gilgit-baltistan"
"/services/group-transportation","/locations/azad-kashmir"
"/services/group-transportation","/destinations"
"/services/group-transportation","/airport-transfer/islamabad"
"/services/group-transportation","/faq"
"/services/group-transportation","/cars/land-cruiser-tz"
"/services/group-transportation","/cars/revo"
"/services/group-transportation","/cars/honda-civic"
"/services/group-transportation","/cars/toyota-grande"
"/services/group-transportation","/cars/range-rover"
"/locations/islamabad","/"
"/locations/islamabad","/cars"
"/locations/islamabad","/services"
"/locations/islamabad","/northern-areas"
"/locations/islamabad","/routes"
"/locations/islamabad","/about"
"/locations/islamabad","/contact"
"/locations/islamabad","/book"
"/locations/islamabad","/locations"
"/locations/islamabad","/services/airport-transfers"
"/locations/islamabad","/services/business-travel"
"/locations/islamabad","/services/chauffeur-service"
"/locations/islamabad","/services/premium-car-rental"
"/locations/islamabad","/services/family-travel"
"/locations/islamabad","/cars/honda-civic"
"/locations/islamabad","/cars/toyota-grande"
"/locations/islamabad","/cars/prado"
"/locations/islamabad","/cars/land-cruiser-v8"
"/locations/islamabad","/cars/range-rover"
"/locations/islamabad","/routes/islamabad-to-murree"
"/locations/islamabad","/routes/islamabad-to-naran"
"/locations/islamabad","/routes/islamabad-to-hunza"
"/locations/islamabad","/routes/islamabad-to-skardu"
"/locations/islamabad","/routes/islamabad-to-lahore"
"/locations/islamabad","/routes/islamabad-to-peshawar"
"/locations/islamabad","/car-rental-pakistan"
"/locations/islamabad","/locations/punjab"
"/locations/islamabad","/locations/khyber-pakhtunkhwa"
"/locations/islamabad","/locations/gilgit-baltistan"
"/locations/islamabad","/locations/azad-kashmir"
"/locations/islamabad","/destinations"
"/locations/islamabad","/airport-transfer/islamabad"
"/locations/islamabad","/faq"
"/locations/islamabad","/cars/land-cruiser-tz"
"/locations/islamabad","/cars/revo"
"/locations/islamabad","/cars/coaster"
"/locations/rawalpindi","/"
"/locations/rawalpindi","/cars"
"/locations/rawalpindi","/services"
"/locations/rawalpindi","/northern-areas"
"/locations/rawalpindi","/routes"
"/locations/rawalpindi","/about"
"/locations/rawalpindi","/contact"
"/locations/rawalpindi","/book"
"/locations/rawalpindi","/locations"
"/locations/rawalpindi","/locations/punjab"
"/locations/rawalpindi","/services/airport-transfers"
"/locations/rawalpindi","/services/business-travel"
"/locations/rawalpindi","/services/chauffeur-service"
"/locations/rawalpindi","/services/premium-car-rental"
"/locations/rawalpindi","/services/family-travel"
"/locations/rawalpindi","/cars/honda-civic"
"/locations/rawalpindi","/cars/toyota-grande"
"/locations/rawalpindi","/cars/prado"
"/locations/rawalpindi","/cars/land-cruiser-v8"
"/locations/rawalpindi","/cars/range-rover"
"/locations/rawalpindi","/locations/islamabad"
"/locations/rawalpindi","/locations/murree"
"/locations/rawalpindi","/car-rental-pakistan"
"/locations/rawalpindi","/locations/khyber-pakhtunkhwa"
"/locations/rawalpindi","/locations/gilgit-baltistan"
"/locations/rawalpindi","/locations/azad-kashmir"
"/locations/rawalpindi","/destinations"
"/locations/rawalpindi","/airport-transfer/islamabad"
"/locations/rawalpindi","/faq"
"/locations/rawalpindi","/cars/land-cruiser-tz"
"/locations/rawalpindi","/cars/revo"
"/locations/rawalpindi","/cars/coaster"
"/locations/lahore","/"
"/locations/lahore","/cars"
"/locations/lahore","/services"
"/locations/lahore","/northern-areas"
"/locations/lahore","/routes"
"/locations/lahore","/about"
"/locations/lahore","/contact"
"/locations/lahore","/book"
"/locations/lahore","/locations"
"/locations/lahore","/locations/punjab"
"/locations/lahore","/services/long-distance-travel"
"/locations/lahore","/services/customized-travel"
"/locations/lahore","/services/business-travel"
"/locations/lahore","/services/family-travel"
"/locations/lahore","/cars/toyota-grande"
"/locations/lahore","/cars/honda-civic"
"/locations/lahore","/cars/prado"
"/locations/lahore","/cars/land-cruiser-v8"
"/locations/lahore","/cars/coaster"
"/locations/lahore","/routes/islamabad-to-lahore"
"/locations/lahore","/locations/faisalabad"
"/locations/lahore","/locations/multan"
"/locations/lahore","/locations/islamabad"
"/locations/lahore","/car-rental-pakistan"
"/locations/lahore","/locations/khyber-pakhtunkhwa"
"/locations/lahore","/locations/gilgit-baltistan"
"/locations/lahore","/locations/azad-kashmir"
"/locations/lahore","/destinations"
"/locations/lahore","/airport-transfer/islamabad"
"/locations/lahore","/faq"
"/locations/lahore","/cars/land-cruiser-tz"
"/locations/lahore","/cars/revo"
"/locations/lahore","/cars/range-rover"
"/locations/peshawar","/"
"/locations/peshawar","/cars"
"/locations/peshawar","/services"
"/locations/peshawar","/northern-areas"
"/locations/peshawar","/routes"
"/locations/peshawar","/about"
"/locations/peshawar","/contact"
"/locations/peshawar","/book"
"/locations/peshawar","/locations"
"/locations/peshawar","/locations/khyber-pakhtunkhwa"
"/locations/peshawar","/services/long-distance-travel"
"/locations/peshawar","/services/customized-travel"
"/locations/peshawar","/services/business-travel"
"/locations/peshawar","/services/family-travel"
"/locations/peshawar","/cars/toyota-grande"
"/locations/peshawar","/cars/honda-civic"
"/locations/peshawar","/cars/prado"
"/locations/peshawar","/cars/land-cruiser-v8"
"/locations/peshawar","/cars/coaster"
"/locations/peshawar","/routes/islamabad-to-peshawar"
"/locations/peshawar","/locations/swat"
"/locations/peshawar","/locations/abbottabad"
"/locations/peshawar","/locations/chitral"
"/locations/peshawar","/car-rental-pakistan"
"/locations/peshawar","/locations/punjab"
"/locations/peshawar","/locations/gilgit-baltistan"
"/locations/peshawar","/locations/azad-kashmir"
"/locations/peshawar","/destinations"
"/locations/peshawar","/airport-transfer/islamabad"
"/locations/peshawar","/faq"
"/locations/peshawar","/cars/land-cruiser-tz"
"/locations/peshawar","/cars/revo"
"/locations/peshawar","/cars/range-rover"
"/locations/faisalabad","/"
"/locations/faisalabad","/cars"
"/locations/faisalabad","/services"
"/locations/faisalabad","/northern-areas"
"/locations/faisalabad","/routes"
"/locations/faisalabad","/about"
"/locations/faisalabad","/contact"
"/locations/faisalabad","/book"
"/locations/faisalabad","/locations"
"/locations/faisalabad","/locations/punjab"
"/locations/faisalabad","/services/long-distance-travel"
"/locations/faisalabad","/services/customized-travel"
"/locations/faisalabad","/services/business-travel"
"/locations/faisalabad","/services/family-travel"
"/locations/faisalabad","/cars/toyota-grande"
"/locations/faisalabad","/cars/honda-civic"
"/locations/faisalabad","/cars/prado"
"/locations/faisalabad","/cars/land-cruiser-v8"
"/locations/faisalabad","/cars/coaster"
"/locations/faisalabad","/routes/islamabad-to-faisalabad"
"/locations/faisalabad","/locations/lahore"
"/locations/faisalabad","/locations/multan"
"/locations/faisalabad","/car-rental-pakistan"
"/locations/faisalabad","/locations/khyber-pakhtunkhwa"
"/locations/faisalabad","/locations/gilgit-baltistan"
"/locations/faisalabad","/locations/azad-kashmir"
"/locations/faisalabad","/destinations"
"/locations/faisalabad","/airport-transfer/islamabad"
"/locations/faisalabad","/faq"
"/locations/faisalabad","/cars/land-cruiser-tz"
"/locations/faisalabad","/cars/revo"
"/locations/faisalabad","/cars/range-rover"
"/locations/multan","/"
"/locations/multan","/cars"
"/locations/multan","/services"
"/locations/multan","/northern-areas"
"/locations/multan","/routes"
"/locations/multan","/about"
"/locations/multan","/contact"
"/locations/multan","/book"
"/locations/multan","/locations"
"/locations/multan","/locations/punjab"
"/locations/multan","/services/long-distance-travel"
"/locations/multan","/services/customized-travel"
"/locations/multan","/services/business-travel"
"/locations/multan","/services/family-travel"
"/locations/multan","/cars/prado"
"/locations/multan","/cars/land-cruiser-v8"
"/locations/multan","/cars/toyota-grande"
"/locations/multan","/cars/honda-civic"
"/locations/multan","/cars/coaster"
"/locations/multan","/routes/islamabad-to-multan"
"/locations/multan","/locations/lahore"
"/locations/multan","/locations/faisalabad"
"/locations/multan","/car-rental-pakistan"
"/locations/multan","/locations/khyber-pakhtunkhwa"
"/locations/multan","/locations/gilgit-baltistan"
"/locations/multan","/locations/azad-kashmir"
"/locations/multan","/destinations"
"/locations/multan","/airport-transfer/islamabad"
"/locations/multan","/faq"
"/locations/multan","/cars/land-cruiser-tz"
"/locations/multan","/cars/revo"
"/locations/multan","/cars/range-rover"
"/locations/murree","/"
"/locations/murree","/cars"
"/locations/murree","/services"
"/locations/murree","/northern-areas"
"/locations/murree","/routes"
"/locations/murree","/about"
"/locations/murree","/contact"
"/locations/murree","/book"
"/locations/murree","/locations"
"/locations/murree","/locations/punjab"
"/locations/murree","/services/premium-car-rental"
"/locations/murree","/services/family-travel"
"/locations/murree","/services/private-tours"
"/locations/murree","/services/long-distance-travel"
"/locations/murree","/services/customized-travel"
"/locations/murree","/cars/prado"
"/locations/murree","/cars/land-cruiser-v8"
"/locations/murree","/cars/revo"
"/locations/murree","/cars/toyota-grande"
"/locations/murree","/cars/coaster"
"/locations/murree","/routes/islamabad-to-murree"
"/locations/murree","/destinations/nathia-gali"
"/locations/murree","/locations/abbottabad"
"/locations/murree","/locations/muzaffarabad"
"/locations/murree","/car-rental-pakistan"
"/locations/murree","/locations/khyber-pakhtunkhwa"
"/locations/murree","/locations/gilgit-baltistan"
"/locations/murree","/locations/azad-kashmir"
"/locations/murree","/destinations"
"/locations/murree","/airport-transfer/islamabad"
"/locations/murree","/faq"
"/locations/murree","/cars/land-cruiser-tz"
"/locations/murree","/cars/honda-civic"
"/locations/murree","/cars/range-rover"
"/locations/abbottabad","/"
"/locations/abbottabad","/cars"
"/locations/abbottabad","/services"
"/locations/abbottabad","/northern-areas"
"/locations/abbottabad","/routes"
"/locations/abbottabad","/about"
"/locations/abbottabad","/contact"
"/locations/abbottabad","/book"
"/locations/abbottabad","/locations"
"/locations/abbottabad","/locations/khyber-pakhtunkhwa"
"/locations/abbottabad","/services/premium-car-rental"
"/locations/abbottabad","/services/family-travel"
"/locations/abbottabad","/services/private-tours"
"/locations/abbottabad","/services/long-distance-travel"
"/locations/abbottabad","/services/customized-travel"
"/locations/abbottabad","/cars/prado"
"/locations/abbottabad","/cars/land-cruiser-v8"
"/locations/abbottabad","/cars/revo"
"/locations/abbottabad","/cars/toyota-grande"
"/locations/abbottabad","/cars/coaster"
"/locations/abbottabad","/routes/islamabad-to-abbottabad"
"/locations/abbottabad","/destinations/nathia-gali"
"/locations/abbottabad","/locations/naran"
"/locations/abbottabad","/locations/murree"
"/locations/abbottabad","/car-rental-pakistan"
"/locations/abbottabad","/locations/punjab"
"/locations/abbottabad","/locations/gilgit-baltistan"
"/locations/abbottabad","/locations/azad-kashmir"
"/locations/abbottabad","/destinations"
"/locations/abbottabad","/airport-transfer/islamabad"
"/locations/abbottabad","/faq"
"/locations/abbottabad","/cars/land-cruiser-tz"
"/locations/abbottabad","/cars/honda-civic"
"/locations/abbottabad","/cars/range-rover"
"/locations/swat","/"
"/locations/swat","/cars"
"/locations/swat","/services"
"/locations/swat","/northern-areas"
"/locations/swat","/routes"
"/locations/swat","/about"
"/locations/swat","/contact"
"/locations/swat","/book"
"/locations/swat","/locations"
"/locations/swat","/locations/khyber-pakhtunkhwa"
"/locations/swat","/services/premium-car-rental"
"/locations/swat","/services/family-travel"
"/locations/swat","/services/private-tours"
"/locations/swat","/services/long-distance-travel"
"/locations/swat","/services/customized-travel"
"/locations/swat","/cars/prado"
"/locations/swat","/cars/land-cruiser-v8"
"/locations/swat","/cars/revo"
"/locations/swat","/cars/toyota-grande"
"/locations/swat","/cars/coaster"
"/locations/swat","/routes/islamabad-to-swat"
"/locations/swat","/destinations/kalam"
"/locations/swat","/destinations/malam-jabba"
"/locations/swat","/destinations/kumrat-valley"
"/locations/swat","/car-rental-pakistan"
"/locations/swat","/locations/punjab"
"/locations/swat","/locations/gilgit-baltistan"
"/locations/swat","/locations/azad-kashmir"
"/locations/swat","/destinations"
"/locations/swat","/airport-transfer/islamabad"
"/locations/swat","/faq"
"/locations/swat","/cars/land-cruiser-tz"
"/locations/swat","/cars/honda-civic"
"/locations/swat","/cars/range-rover"
"/locations/naran","/"
"/locations/naran","/cars"
"/locations/naran","/services"
"/locations/naran","/northern-areas"
"/locations/naran","/routes"
"/locations/naran","/about"
"/locations/naran","/contact"
"/locations/naran","/book"
"/locations/naran","/locations"
"/locations/naran","/locations/khyber-pakhtunkhwa"
"/locations/naran","/services/premium-car-rental"
"/locations/naran","/services/family-travel"
"/locations/naran","/services/private-tours"
"/locations/naran","/services/long-distance-travel"
"/locations/naran","/services/customized-travel"
"/locations/naran","/cars/prado"
"/locations/naran","/cars/land-cruiser-v8"
"/locations/naran","/cars/revo"
"/locations/naran","/cars/land-cruiser-tz"
"/locations/naran","/cars/coaster"
"/locations/naran","/routes/islamabad-to-naran"
"/locations/naran","/destinations/shogran"
"/locations/naran","/destinations/babusar-top"
"/locations/naran","/locations/abbottabad"
"/locations/naran","/car-rental-pakistan"
"/locations/naran","/locations/punjab"
"/locations/naran","/locations/gilgit-baltistan"
"/locations/naran","/locations/azad-kashmir"
"/locations/naran","/destinations"
"/locations/naran","/airport-transfer/islamabad"
"/locations/naran","/faq"
"/locations/naran","/cars/honda-civic"
"/locations/naran","/cars/toyota-grande"
"/locations/naran","/cars/range-rover"
"/locations/chitral","/"
"/locations/chitral","/cars"
"/locations/chitral","/services"
"/locations/chitral","/northern-areas"
"/locations/chitral","/routes"
"/locations/chitral","/about"
"/locations/chitral","/contact"
"/locations/chitral","/book"
"/locations/chitral","/locations"
"/locations/chitral","/locations/khyber-pakhtunkhwa"
"/locations/chitral","/services/premium-car-rental"
"/locations/chitral","/services/family-travel"
"/locations/chitral","/services/private-tours"
"/locations/chitral","/services/long-distance-travel"
"/locations/chitral","/services/customized-travel"
"/locations/chitral","/cars/land-cruiser-v8"
"/locations/chitral","/cars/prado"
"/locations/chitral","/cars/revo"
"/locations/chitral","/cars/land-cruiser-tz"
"/locations/chitral","/cars/coaster"
"/locations/chitral","/routes/islamabad-to-chitral"
"/locations/chitral","/destinations/kumrat-valley"
"/locations/chitral","/locations/swat"
"/locations/chitral","/locations/peshawar"
"/locations/chitral","/car-rental-pakistan"
"/locations/chitral","/locations/punjab"
"/locations/chitral","/locations/gilgit-baltistan"
"/locations/chitral","/locations/azad-kashmir"
"/locations/chitral","/destinations"
"/locations/chitral","/airport-transfer/islamabad"
"/locations/chitral","/faq"
"/locations/chitral","/cars/honda-civic"
"/locations/chitral","/cars/toyota-grande"
"/locations/chitral","/cars/range-rover"
"/locations/gilgit","/"
"/locations/gilgit","/cars"
"/locations/gilgit","/services"
"/locations/gilgit","/northern-areas"
"/locations/gilgit","/routes"
"/locations/gilgit","/about"
"/locations/gilgit","/contact"
"/locations/gilgit","/book"
"/locations/gilgit","/locations"
"/locations/gilgit","/locations/gilgit-baltistan"
"/locations/gilgit","/services/premium-car-rental"
"/locations/gilgit","/services/family-travel"
"/locations/gilgit","/services/private-tours"
"/locations/gilgit","/services/long-distance-travel"
"/locations/gilgit","/services/customized-travel"
"/locations/gilgit","/cars/prado"
"/locations/gilgit","/cars/land-cruiser-v8"
"/locations/gilgit","/cars/land-cruiser-tz"
"/locations/gilgit","/cars/revo"
"/locations/gilgit","/cars/coaster"
"/locations/gilgit","/routes/islamabad-to-gilgit"
"/locations/gilgit","/locations/hunza"
"/locations/gilgit","/locations/skardu"
"/locations/gilgit","/destinations/naltar-valley"
"/locations/gilgit","/car-rental-pakistan"
"/locations/gilgit","/locations/punjab"
"/locations/gilgit","/locations/khyber-pakhtunkhwa"
"/locations/gilgit","/locations/azad-kashmir"
"/locations/gilgit","/destinations"
"/locations/gilgit","/airport-transfer/islamabad"
"/locations/gilgit","/faq"
"/locations/gilgit","/cars/honda-civic"
"/locations/gilgit","/cars/toyota-grande"
"/locations/gilgit","/cars/range-rover"
"/locations/hunza","/"
"/locations/hunza","/cars"
"/locations/hunza","/services"
"/locations/hunza","/northern-areas"
"/locations/hunza","/routes"
"/locations/hunza","/about"
"/locations/hunza","/contact"
"/locations/hunza","/book"
"/locations/hunza","/locations"
"/locations/hunza","/locations/gilgit-baltistan"
"/locations/hunza","/services/premium-car-rental"
"/locations/hunza","/services/family-travel"
"/locations/hunza","/services/private-tours"
"/locations/hunza","/services/long-distance-travel"
"/locations/hunza","/services/customized-travel"
"/locations/hunza","/cars/land-cruiser-v8"
"/locations/hunza","/cars/prado"
"/locations/hunza","/cars/revo"
"/locations/hunza","/cars/land-cruiser-tz"
"/locations/hunza","/cars/coaster"
"/locations/hunza","/routes/islamabad-to-hunza"
"/locations/hunza","/destinations/attabad-lake"
"/locations/hunza","/destinations/khunjerab-pass"
"/locations/hunza","/locations/gilgit"
"/locations/hunza","/locations/skardu"
"/locations/hunza","/car-rental-pakistan"
"/locations/hunza","/locations/punjab"
"/locations/hunza","/locations/khyber-pakhtunkhwa"
"/locations/hunza","/locations/azad-kashmir"
"/locations/hunza","/destinations"
"/locations/hunza","/airport-transfer/islamabad"
"/locations/hunza","/faq"
"/locations/hunza","/cars/honda-civic"
"/locations/hunza","/cars/toyota-grande"
"/locations/hunza","/cars/range-rover"
"/locations/skardu","/"
"/locations/skardu","/cars"
"/locations/skardu","/services"
"/locations/skardu","/northern-areas"
"/locations/skardu","/routes"
"/locations/skardu","/about"
"/locations/skardu","/contact"
"/locations/skardu","/book"
"/locations/skardu","/locations"
"/locations/skardu","/locations/gilgit-baltistan"
"/locations/skardu","/services/premium-car-rental"
"/locations/skardu","/services/family-travel"
"/locations/skardu","/services/private-tours"
"/locations/skardu","/services/long-distance-travel"
"/locations/skardu","/services/customized-travel"
"/locations/skardu","/cars/land-cruiser-v8"
"/locations/skardu","/cars/prado"
"/locations/skardu","/cars/revo"
"/locations/skardu","/cars/land-cruiser-tz"
"/locations/skardu","/cars/coaster"
"/locations/skardu","/routes/islamabad-to-skardu"
"/locations/skardu","/destinations/deosai-national-park"
"/locations/skardu","/destinations/shigar-valley"
"/locations/skardu","/destinations/khaplu"
"/locations/skardu","/locations/gilgit"
"/locations/skardu","/car-rental-pakistan"
"/locations/skardu","/locations/punjab"
"/locations/skardu","/locations/khyber-pakhtunkhwa"
"/locations/skardu","/locations/azad-kashmir"
"/locations/skardu","/destinations"
"/locations/skardu","/airport-transfer/islamabad"
"/locations/skardu","/faq"
"/locations/skardu","/cars/honda-civic"
"/locations/skardu","/cars/toyota-grande"
"/locations/skardu","/cars/range-rover"
"/locations/muzaffarabad","/"
"/locations/muzaffarabad","/cars"
"/locations/muzaffarabad","/services"
"/locations/muzaffarabad","/northern-areas"
"/locations/muzaffarabad","/routes"
"/locations/muzaffarabad","/about"
"/locations/muzaffarabad","/contact"
"/locations/muzaffarabad","/book"
"/locations/muzaffarabad","/locations"
"/locations/muzaffarabad","/locations/azad-kashmir"
"/locations/muzaffarabad","/services/premium-car-rental"
"/locations/muzaffarabad","/services/family-travel"
"/locations/muzaffarabad","/services/private-tours"
"/locations/muzaffarabad","/services/long-distance-travel"
"/locations/muzaffarabad","/services/customized-travel"
"/locations/muzaffarabad","/cars/prado"
"/locations/muzaffarabad","/cars/land-cruiser-v8"
"/locations/muzaffarabad","/cars/toyota-grande"
"/locations/muzaffarabad","/cars/revo"
"/locations/muzaffarabad","/cars/coaster"
"/locations/muzaffarabad","/routes/islamabad-to-muzaffarabad"
"/locations/muzaffarabad","/destinations/neelum-valley"
"/locations/muzaffarabad","/locations/murree"
"/locations/muzaffarabad","/car-rental-pakistan"
"/locations/muzaffarabad","/locations/punjab"
"/locations/muzaffarabad","/locations/khyber-pakhtunkhwa"
"/locations/muzaffarabad","/locations/gilgit-baltistan"
"/locations/muzaffarabad","/destinations"
"/locations/muzaffarabad","/airport-transfer/islamabad"
"/locations/muzaffarabad","/faq"
"/locations/muzaffarabad","/cars/land-cruiser-tz"
"/locations/muzaffarabad","/cars/honda-civic"
"/locations/muzaffarabad","/cars/range-rover"
"/destinations/nathia-gali","/"
"/destinations/nathia-gali","/cars"
"/destinations/nathia-gali","/services"
"/destinations/nathia-gali","/northern-areas"
"/destinations/nathia-gali","/routes"
"/destinations/nathia-gali","/about"
"/destinations/nathia-gali","/contact"
"/destinations/nathia-gali","/book"
"/destinations/nathia-gali","/destinations"
"/destinations/nathia-gali","/cars/prado"
"/destinations/nathia-gali","/cars/land-cruiser-v8"
"/destinations/nathia-gali","/cars/revo"
"/destinations/nathia-gali","/cars/toyota-grande"
"/destinations/nathia-gali","/locations/murree"
"/destinations/nathia-gali","/locations/abbottabad"
"/destinations/nathia-gali","/destinations/shogran"
"/destinations/nathia-gali","/services/premium-car-rental"
"/destinations/nathia-gali","/services/family-travel"
"/destinations/nathia-gali","/services/private-tours"
"/destinations/nathia-gali","/car-rental-pakistan"
"/destinations/nathia-gali","/locations/punjab"
"/destinations/nathia-gali","/locations/khyber-pakhtunkhwa"
"/destinations/nathia-gali","/locations/gilgit-baltistan"
"/destinations/nathia-gali","/locations/azad-kashmir"
"/destinations/nathia-gali","/airport-transfer/islamabad"
"/destinations/nathia-gali","/faq"
"/destinations/nathia-gali","/cars/land-cruiser-tz"
"/destinations/nathia-gali","/cars/honda-civic"
"/destinations/nathia-gali","/cars/range-rover"
"/destinations/nathia-gali","/cars/coaster"
"/destinations/shogran","/"
"/destinations/shogran","/cars"
"/destinations/shogran","/services"
"/destinations/shogran","/northern-areas"
"/destinations/shogran","/routes"
"/destinations/shogran","/about"
"/destinations/shogran","/contact"
"/destinations/shogran","/book"
"/destinations/shogran","/destinations"
"/destinations/shogran","/cars/revo"
"/destinations/shogran","/cars/land-cruiser-v8"
"/destinations/shogran","/cars/prado"
"/destinations/shogran","/locations/naran"
"/destinations/shogran","/destinations/babusar-top"
"/destinations/shogran","/destinations/nathia-gali"
"/destinations/shogran","/services/premium-car-rental"
"/destinations/shogran","/services/family-travel"
"/destinations/shogran","/services/private-tours"
"/destinations/shogran","/car-rental-pakistan"
"/destinations/shogran","/locations/punjab"
"/destinations/shogran","/locations/khyber-pakhtunkhwa"
"/destinations/shogran","/locations/gilgit-baltistan"
"/destinations/shogran","/locations/azad-kashmir"
"/destinations/shogran","/airport-transfer/islamabad"
"/destinations/shogran","/faq"
"/destinations/shogran","/cars/land-cruiser-tz"
"/destinations/shogran","/cars/honda-civic"
"/destinations/shogran","/cars/toyota-grande"
"/destinations/shogran","/cars/range-rover"
"/destinations/shogran","/cars/coaster"
"/destinations/babusar-top","/"
"/destinations/babusar-top","/cars"
"/destinations/babusar-top","/services"
"/destinations/babusar-top","/northern-areas"
"/destinations/babusar-top","/routes"
"/destinations/babusar-top","/about"
"/destinations/babusar-top","/contact"
"/destinations/babusar-top","/book"
"/destinations/babusar-top","/destinations"
"/destinations/babusar-top","/cars/revo"
"/destinations/babusar-top","/cars/land-cruiser-v8"
"/destinations/babusar-top","/cars/prado"
"/destinations/babusar-top","/cars/land-cruiser-tz"
"/destinations/babusar-top","/locations/naran"
"/destinations/babusar-top","/locations/hunza"
"/destinations/babusar-top","/locations/gilgit"
"/destinations/babusar-top","/services/premium-car-rental"
"/destinations/babusar-top","/services/family-travel"
"/destinations/babusar-top","/services/private-tours"
"/destinations/babusar-top","/car-rental-pakistan"
"/destinations/babusar-top","/locations/punjab"
"/destinations/babusar-top","/locations/khyber-pakhtunkhwa"
"/destinations/babusar-top","/locations/gilgit-baltistan"
"/destinations/babusar-top","/locations/azad-kashmir"
"/destinations/babusar-top","/airport-transfer/islamabad"
"/destinations/babusar-top","/faq"
"/destinations/babusar-top","/cars/honda-civic"
"/destinations/babusar-top","/cars/toyota-grande"
"/destinations/babusar-top","/cars/range-rover"
"/destinations/babusar-top","/cars/coaster"
"/destinations/kalam","/"
"/destinations/kalam","/cars"
"/destinations/kalam","/services"
"/destinations/kalam","/northern-areas"
"/destinations/kalam","/routes"
"/destinations/kalam","/about"
"/destinations/kalam","/contact"
"/destinations/kalam","/book"
"/destinations/kalam","/destinations"
"/destinations/kalam","/cars/prado"
"/destinations/kalam","/cars/land-cruiser-v8"
"/destinations/kalam","/cars/revo"
"/destinations/kalam","/cars/coaster"
"/destinations/kalam","/locations/swat"
"/destinations/kalam","/destinations/malam-jabba"
"/destinations/kalam","/destinations/kumrat-valley"
"/destinations/kalam","/services/premium-car-rental"
"/destinations/kalam","/services/family-travel"
"/destinations/kalam","/services/private-tours"
"/destinations/kalam","/car-rental-pakistan"
"/destinations/kalam","/locations/punjab"
"/destinations/kalam","/locations/khyber-pakhtunkhwa"
"/destinations/kalam","/locations/gilgit-baltistan"
"/destinations/kalam","/locations/azad-kashmir"
"/destinations/kalam","/airport-transfer/islamabad"
"/destinations/kalam","/faq"
"/destinations/kalam","/cars/land-cruiser-tz"
"/destinations/kalam","/cars/honda-civic"
"/destinations/kalam","/cars/toyota-grande"
"/destinations/kalam","/cars/range-rover"
"/destinations/malam-jabba","/"
"/destinations/malam-jabba","/cars"
"/destinations/malam-jabba","/services"
"/destinations/malam-jabba","/northern-areas"
"/destinations/malam-jabba","/routes"
"/destinations/malam-jabba","/about"
"/destinations/malam-jabba","/contact"
"/destinations/malam-jabba","/book"
"/destinations/malam-jabba","/destinations"
"/destinations/malam-jabba","/cars/land-cruiser-v8"
"/destinations/malam-jabba","/cars/prado"
"/destinations/malam-jabba","/cars/revo"
"/destinations/malam-jabba","/locations/swat"
"/destinations/malam-jabba","/destinations/kalam"
"/destinations/malam-jabba","/services/premium-car-rental"
"/destinations/malam-jabba","/services/family-travel"
"/destinations/malam-jabba","/services/private-tours"
"/destinations/malam-jabba","/car-rental-pakistan"
"/destinations/malam-jabba","/locations/punjab"
"/destinations/malam-jabba","/locations/khyber-pakhtunkhwa"
"/destinations/malam-jabba","/locations/gilgit-baltistan"
"/destinations/malam-jabba","/locations/azad-kashmir"
"/destinations/malam-jabba","/airport-transfer/islamabad"
"/destinations/malam-jabba","/faq"
"/destinations/malam-jabba","/cars/land-cruiser-tz"
"/destinations/malam-jabba","/cars/honda-civic"
"/destinations/malam-jabba","/cars/toyota-grande"
"/destinations/malam-jabba","/cars/range-rover"
"/destinations/malam-jabba","/cars/coaster"
"/destinations/kumrat-valley","/"
"/destinations/kumrat-valley","/cars"
"/destinations/kumrat-valley","/services"
"/destinations/kumrat-valley","/northern-areas"
"/destinations/kumrat-valley","/routes"
"/destinations/kumrat-valley","/about"
"/destinations/kumrat-valley","/contact"
"/destinations/kumrat-valley","/book"
"/destinations/kumrat-valley","/destinations"
"/destinations/kumrat-valley","/cars/revo"
"/destinations/kumrat-valley","/cars/land-cruiser-v8"
"/destinations/kumrat-valley","/cars/prado"
"/destinations/kumrat-valley","/locations/swat"
"/destinations/kumrat-valley","/locations/chitral"
"/destinations/kumrat-valley","/destinations/kalam"
"/destinations/kumrat-valley","/services/premium-car-rental"
"/destinations/kumrat-valley","/services/family-travel"
"/destinations/kumrat-valley","/services/private-tours"
"/destinations/kumrat-valley","/car-rental-pakistan"
"/destinations/kumrat-valley","/locations/punjab"
"/destinations/kumrat-valley","/locations/khyber-pakhtunkhwa"
"/destinations/kumrat-valley","/locations/gilgit-baltistan"
"/destinations/kumrat-valley","/locations/azad-kashmir"
"/destinations/kumrat-valley","/airport-transfer/islamabad"
"/destinations/kumrat-valley","/faq"
"/destinations/kumrat-valley","/cars/land-cruiser-tz"
"/destinations/kumrat-valley","/cars/honda-civic"
"/destinations/kumrat-valley","/cars/toyota-grande"
"/destinations/kumrat-valley","/cars/range-rover"
"/destinations/kumrat-valley","/cars/coaster"
"/destinations/attabad-lake","/"
"/destinations/attabad-lake","/cars"
"/destinations/attabad-lake","/services"
"/destinations/attabad-lake","/northern-areas"
"/destinations/attabad-lake","/routes"
"/destinations/attabad-lake","/about"
"/destinations/attabad-lake","/contact"
"/destinations/attabad-lake","/book"
"/destinations/attabad-lake","/destinations"
"/destinations/attabad-lake","/cars/land-cruiser-v8"
"/destinations/attabad-lake","/cars/prado"
"/destinations/attabad-lake","/cars/revo"
"/destinations/attabad-lake","/cars/coaster"
"/destinations/attabad-lake","/locations/hunza"
"/destinations/attabad-lake","/destinations/khunjerab-pass"
"/destinations/attabad-lake","/locations/gilgit"
"/destinations/attabad-lake","/services/premium-car-rental"
"/destinations/attabad-lake","/services/family-travel"
"/destinations/attabad-lake","/services/private-tours"
"/destinations/attabad-lake","/car-rental-pakistan"
"/destinations/attabad-lake","/locations/punjab"
"/destinations/attabad-lake","/locations/khyber-pakhtunkhwa"
"/destinations/attabad-lake","/locations/gilgit-baltistan"
"/destinations/attabad-lake","/locations/azad-kashmir"
"/destinations/attabad-lake","/airport-transfer/islamabad"
"/destinations/attabad-lake","/faq"
"/destinations/attabad-lake","/cars/land-cruiser-tz"
"/destinations/attabad-lake","/cars/honda-civic"
"/destinations/attabad-lake","/cars/toyota-grande"
"/destinations/attabad-lake","/cars/range-rover"
"/destinations/khunjerab-pass","/"
"/destinations/khunjerab-pass","/cars"
"/destinations/khunjerab-pass","/services"
"/destinations/khunjerab-pass","/northern-areas"
"/destinations/khunjerab-pass","/routes"
"/destinations/khunjerab-pass","/about"
"/destinations/khunjerab-pass","/contact"
"/destinations/khunjerab-pass","/book"
"/destinations/khunjerab-pass","/destinations"
"/destinations/khunjerab-pass","/cars/land-cruiser-v8"
"/destinations/khunjerab-pass","/cars/prado"
"/destinations/khunjerab-pass","/cars/revo"
"/destinations/khunjerab-pass","/cars/coaster"
"/destinations/khunjerab-pass","/locations/hunza"
"/destinations/khunjerab-pass","/destinations/attabad-lake"
"/destinations/khunjerab-pass","/services/premium-car-rental"
"/destinations/khunjerab-pass","/services/family-travel"
"/destinations/khunjerab-pass","/services/private-tours"
"/destinations/khunjerab-pass","/car-rental-pakistan"
"/destinations/khunjerab-pass","/locations/punjab"
"/destinations/khunjerab-pass","/locations/khyber-pakhtunkhwa"
"/destinations/khunjerab-pass","/locations/gilgit-baltistan"
"/destinations/khunjerab-pass","/locations/azad-kashmir"
"/destinations/khunjerab-pass","/airport-transfer/islamabad"
"/destinations/khunjerab-pass","/faq"
"/destinations/khunjerab-pass","/cars/land-cruiser-tz"
"/destinations/khunjerab-pass","/cars/honda-civic"
"/destinations/khunjerab-pass","/cars/toyota-grande"
"/destinations/khunjerab-pass","/cars/range-rover"
"/destinations/fairy-meadows","/"
"/destinations/fairy-meadows","/cars"
"/destinations/fairy-meadows","/services"
"/destinations/fairy-meadows","/northern-areas"
"/destinations/fairy-meadows","/routes"
"/destinations/fairy-meadows","/about"
"/destinations/fairy-meadows","/contact"
"/destinations/fairy-meadows","/book"
"/destinations/fairy-meadows","/destinations"
"/destinations/fairy-meadows","/cars/revo"
"/destinations/fairy-meadows","/cars/land-cruiser-v8"
"/destinations/fairy-meadows","/cars/prado"
"/destinations/fairy-meadows","/cars/coaster"
"/destinations/fairy-meadows","/destinations/astore-valley"
"/destinations/fairy-meadows","/locations/hunza"
"/destinations/fairy-meadows","/locations/gilgit"
"/destinations/fairy-meadows","/services/premium-car-rental"
"/destinations/fairy-meadows","/services/family-travel"
"/destinations/fairy-meadows","/services/private-tours"
"/destinations/fairy-meadows","/car-rental-pakistan"
"/destinations/fairy-meadows","/locations/punjab"
"/destinations/fairy-meadows","/locations/khyber-pakhtunkhwa"
"/destinations/fairy-meadows","/locations/gilgit-baltistan"
"/destinations/fairy-meadows","/locations/azad-kashmir"
"/destinations/fairy-meadows","/airport-transfer/islamabad"
"/destinations/fairy-meadows","/faq"
"/destinations/fairy-meadows","/cars/land-cruiser-tz"
"/destinations/fairy-meadows","/cars/honda-civic"
"/destinations/fairy-meadows","/cars/toyota-grande"
"/destinations/fairy-meadows","/cars/range-rover"
"/destinations/deosai-national-park","/"
"/destinations/deosai-national-park","/cars"
"/destinations/deosai-national-park","/services"
"/destinations/deosai-national-park","/northern-areas"
"/destinations/deosai-national-park","/routes"
"/destinations/deosai-national-park","/about"
"/destinations/deosai-national-park","/contact"
"/destinations/deosai-national-park","/book"
"/destinations/deosai-national-park","/destinations"
"/destinations/deosai-national-park","/cars/revo"
"/destinations/deosai-national-park","/cars/land-cruiser-v8"
"/destinations/deosai-national-park","/cars/land-cruiser-tz"
"/destinations/deosai-national-park","/locations/skardu"
"/destinations/deosai-national-park","/destinations/astore-valley"
"/destinations/deosai-national-park","/services/premium-car-rental"
"/destinations/deosai-national-park","/services/family-travel"
"/destinations/deosai-national-park","/services/private-tours"
"/destinations/deosai-national-park","/car-rental-pakistan"
"/destinations/deosai-national-park","/locations/punjab"
"/destinations/deosai-national-park","/locations/khyber-pakhtunkhwa"
"/destinations/deosai-national-park","/locations/gilgit-baltistan"
"/destinations/deosai-national-park","/locations/azad-kashmir"
"/destinations/deosai-national-park","/airport-transfer/islamabad"
"/destinations/deosai-national-park","/faq"
"/destinations/deosai-national-park","/cars/prado"
"/destinations/deosai-national-park","/cars/honda-civic"
"/destinations/deosai-national-park","/cars/toyota-grande"
"/destinations/deosai-national-park","/cars/range-rover"
"/destinations/deosai-national-park","/cars/coaster"
"/destinations/naltar-valley","/"
"/destinations/naltar-valley","/cars"
"/destinations/naltar-valley","/services"
"/destinations/naltar-valley","/northern-areas"
"/destinations/naltar-valley","/routes"
"/destinations/naltar-valley","/about"
"/destinations/naltar-valley","/contact"
"/destinations/naltar-valley","/book"
"/destinations/naltar-valley","/destinations"
"/destinations/naltar-valley","/cars/revo"
"/destinations/naltar-valley","/cars/land-cruiser-v8"
"/destinations/naltar-valley","/cars/prado"
"/destinations/naltar-valley","/locations/gilgit"
"/destinations/naltar-valley","/locations/hunza"
"/destinations/naltar-valley","/services/premium-car-rental"
"/destinations/naltar-valley","/services/family-travel"
"/destinations/naltar-valley","/services/private-tours"
"/destinations/naltar-valley","/car-rental-pakistan"
"/destinations/naltar-valley","/locations/punjab"
"/destinations/naltar-valley","/locations/khyber-pakhtunkhwa"
"/destinations/naltar-valley","/locations/gilgit-baltistan"
"/destinations/naltar-valley","/locations/azad-kashmir"
"/destinations/naltar-valley","/airport-transfer/islamabad"
"/destinations/naltar-valley","/faq"
"/destinations/naltar-valley","/cars/land-cruiser-tz"
"/destinations/naltar-valley","/cars/honda-civic"
"/destinations/naltar-valley","/cars/toyota-grande"
"/destinations/naltar-valley","/cars/range-rover"
"/destinations/naltar-valley","/cars/coaster"
"/destinations/astore-valley","/"
"/destinations/astore-valley","/cars"
"/destinations/astore-valley","/services"
"/destinations/astore-valley","/northern-areas"
"/destinations/astore-valley","/routes"
"/destinations/astore-valley","/about"
"/destinations/astore-valley","/contact"
"/destinations/astore-valley","/book"
"/destinations/astore-valley","/destinations"
"/destinations/astore-valley","/cars/revo"
"/destinations/astore-valley","/cars/land-cruiser-v8"
"/destinations/astore-valley","/cars/prado"
"/destinations/astore-valley","/destinations/fairy-meadows"
"/destinations/astore-valley","/destinations/deosai-national-park"
"/destinations/astore-valley","/locations/gilgit"
"/destinations/astore-valley","/services/premium-car-rental"
"/destinations/astore-valley","/services/family-travel"
"/destinations/astore-valley","/services/private-tours"
"/destinations/astore-valley","/car-rental-pakistan"
"/destinations/astore-valley","/locations/punjab"
"/destinations/astore-valley","/locations/khyber-pakhtunkhwa"
"/destinations/astore-valley","/locations/gilgit-baltistan"
"/destinations/astore-valley","/locations/azad-kashmir"
"/destinations/astore-valley","/airport-transfer/islamabad"
"/destinations/astore-valley","/faq"
"/destinations/astore-valley","/cars/land-cruiser-tz"
"/destinations/astore-valley","/cars/honda-civic"
"/destinations/astore-valley","/cars/toyota-grande"
"/destinations/astore-valley","/cars/range-rover"
"/destinations/astore-valley","/cars/coaster"
"/destinations/neelum-valley","/"
"/destinations/neelum-valley","/cars"
"/destinations/neelum-valley","/services"
"/destinations/neelum-valley","/northern-areas"
"/destinations/neelum-valley","/routes"
"/destinations/neelum-valley","/about"
"/destinations/neelum-valley","/contact"
"/destinations/neelum-valley","/book"
"/destinations/neelum-valley","/destinations"
"/destinations/neelum-valley","/cars/prado"
"/destinations/neelum-valley","/cars/land-cruiser-v8"
"/destinations/neelum-valley","/cars/revo"
"/destinations/neelum-valley","/cars/coaster"
"/destinations/neelum-valley","/locations/muzaffarabad"
"/destinations/neelum-valley","/locations/murree"
"/destinations/neelum-valley","/services/premium-car-rental"
"/destinations/neelum-valley","/services/family-travel"
"/destinations/neelum-valley","/services/private-tours"
"/destinations/neelum-valley","/car-rental-pakistan"
"/destinations/neelum-valley","/locations/punjab"
"/destinations/neelum-valley","/locations/khyber-pakhtunkhwa"
"/destinations/neelum-valley","/locations/gilgit-baltistan"
"/destinations/neelum-valley","/locations/azad-kashmir"
"/destinations/neelum-valley","/airport-transfer/islamabad"
"/destinations/neelum-valley","/faq"
"/destinations/neelum-valley","/cars/land-cruiser-tz"
"/destinations/neelum-valley","/cars/honda-civic"
"/destinations/neelum-valley","/cars/toyota-grande"
"/destinations/neelum-valley","/cars/range-rover"
"/destinations/shigar-valley","/"
"/destinations/shigar-valley","/cars"
"/destinations/shigar-valley","/services"
"/destinations/shigar-valley","/northern-areas"
"/destinations/shigar-valley","/routes"
"/destinations/shigar-valley","/about"
"/destinations/shigar-valley","/contact"
"/destinations/shigar-valley","/book"
"/destinations/shigar-valley","/destinations"
"/destinations/shigar-valley","/cars/land-cruiser-v8"
"/destinations/shigar-valley","/cars/prado"
"/destinations/shigar-valley","/cars/revo"
"/destinations/shigar-valley","/cars/coaster"
"/destinations/shigar-valley","/locations/skardu"
"/destinations/shigar-valley","/destinations/khaplu"
"/destinations/shigar-valley","/destinations/deosai-national-park"
"/destinations/shigar-valley","/services/premium-car-rental"
"/destinations/shigar-valley","/services/family-travel"
"/destinations/shigar-valley","/services/private-tours"
"/destinations/shigar-valley","/car-rental-pakistan"
"/destinations/shigar-valley","/locations/punjab"
"/destinations/shigar-valley","/locations/khyber-pakhtunkhwa"
"/destinations/shigar-valley","/locations/gilgit-baltistan"
"/destinations/shigar-valley","/locations/azad-kashmir"
"/destinations/shigar-valley","/airport-transfer/islamabad"
"/destinations/shigar-valley","/faq"
"/destinations/shigar-valley","/cars/land-cruiser-tz"
"/destinations/shigar-valley","/cars/honda-civic"
"/destinations/shigar-valley","/cars/toyota-grande"
"/destinations/shigar-valley","/cars/range-rover"
"/destinations/khaplu","/"
"/destinations/khaplu","/cars"
"/destinations/khaplu","/services"
"/destinations/khaplu","/northern-areas"
"/destinations/khaplu","/routes"
"/destinations/khaplu","/about"
"/destinations/khaplu","/contact"
"/destinations/khaplu","/book"
"/destinations/khaplu","/destinations"
"/destinations/khaplu","/cars/land-cruiser-v8"
"/destinations/khaplu","/cars/prado"
"/destinations/khaplu","/cars/revo"
"/destinations/khaplu","/locations/skardu"
"/destinations/khaplu","/destinations/shigar-valley"
"/destinations/khaplu","/services/premium-car-rental"
"/destinations/khaplu","/services/family-travel"
"/destinations/khaplu","/services/private-tours"
"/destinations/khaplu","/car-rental-pakistan"
"/destinations/khaplu","/locations/punjab"
"/destinations/khaplu","/locations/khyber-pakhtunkhwa"
"/destinations/khaplu","/locations/gilgit-baltistan"
"/destinations/khaplu","/locations/azad-kashmir"
"/destinations/khaplu","/airport-transfer/islamabad"
"/destinations/khaplu","/faq"
"/destinations/khaplu","/cars/land-cruiser-tz"
"/destinations/khaplu","/cars/honda-civic"
"/destinations/khaplu","/cars/toyota-grande"
"/destinations/khaplu","/cars/range-rover"
"/destinations/khaplu","/cars/coaster"
"/routes/islamabad-to-lahore","/"
"/routes/islamabad-to-lahore","/cars"
"/routes/islamabad-to-lahore","/services"
"/routes/islamabad-to-lahore","/northern-areas"
"/routes/islamabad-to-lahore","/routes"
"/routes/islamabad-to-lahore","/about"
"/routes/islamabad-to-lahore","/contact"
"/routes/islamabad-to-lahore","/book"
"/routes/islamabad-to-lahore","/cars/toyota-grande"
"/routes/islamabad-to-lahore","/cars/honda-civic"
"/routes/islamabad-to-lahore","/cars/prado"
"/routes/islamabad-to-lahore","/cars/land-cruiser-v8"
"/routes/islamabad-to-lahore","/cars/coaster"
"/routes/islamabad-to-lahore","/locations/lahore"
"/routes/islamabad-to-lahore","/routes/islamabad-to-faisalabad"
"/routes/islamabad-to-lahore","/routes/islamabad-to-multan"
"/routes/islamabad-to-lahore","/locations/islamabad"
"/routes/islamabad-to-lahore","/services/long-distance-travel"
"/routes/islamabad-to-lahore","/services/customized-travel"
"/routes/islamabad-to-lahore","/car-rental-pakistan"
"/routes/islamabad-to-lahore","/locations/punjab"
"/routes/islamabad-to-lahore","/locations/khyber-pakhtunkhwa"
"/routes/islamabad-to-lahore","/locations/gilgit-baltistan"
"/routes/islamabad-to-lahore","/locations/azad-kashmir"
"/routes/islamabad-to-lahore","/destinations"
"/routes/islamabad-to-lahore","/airport-transfer/islamabad"
"/routes/islamabad-to-lahore","/faq"
"/routes/islamabad-to-lahore","/cars/land-cruiser-tz"
"/routes/islamabad-to-lahore","/cars/revo"
"/routes/islamabad-to-lahore","/cars/range-rover"
"/routes/islamabad-to-peshawar","/"
"/routes/islamabad-to-peshawar","/cars"
"/routes/islamabad-to-peshawar","/services"
"/routes/islamabad-to-peshawar","/northern-areas"
"/routes/islamabad-to-peshawar","/routes"
"/routes/islamabad-to-peshawar","/about"
"/routes/islamabad-to-peshawar","/contact"
"/routes/islamabad-to-peshawar","/book"
"/routes/islamabad-to-peshawar","/cars/toyota-grande"
"/routes/islamabad-to-peshawar","/cars/honda-civic"
"/routes/islamabad-to-peshawar","/cars/prado"
"/routes/islamabad-to-peshawar","/cars/land-cruiser-v8"
"/routes/islamabad-to-peshawar","/cars/coaster"
"/routes/islamabad-to-peshawar","/locations/peshawar"
"/routes/islamabad-to-peshawar","/routes/islamabad-to-swat"
"/routes/islamabad-to-peshawar","/routes/islamabad-to-abbottabad"
"/routes/islamabad-to-peshawar","/routes/islamabad-to-chitral"
"/routes/islamabad-to-peshawar","/services/long-distance-travel"
"/routes/islamabad-to-peshawar","/services/customized-travel"
"/routes/islamabad-to-peshawar","/car-rental-pakistan"
"/routes/islamabad-to-peshawar","/locations/punjab"
"/routes/islamabad-to-peshawar","/locations/khyber-pakhtunkhwa"
"/routes/islamabad-to-peshawar","/locations/gilgit-baltistan"
"/routes/islamabad-to-peshawar","/locations/azad-kashmir"
"/routes/islamabad-to-peshawar","/destinations"
"/routes/islamabad-to-peshawar","/airport-transfer/islamabad"
"/routes/islamabad-to-peshawar","/faq"
"/routes/islamabad-to-peshawar","/cars/land-cruiser-tz"
"/routes/islamabad-to-peshawar","/cars/revo"
"/routes/islamabad-to-peshawar","/cars/range-rover"
"/routes/islamabad-to-faisalabad","/"
"/routes/islamabad-to-faisalabad","/cars"
"/routes/islamabad-to-faisalabad","/services"
"/routes/islamabad-to-faisalabad","/northern-areas"
"/routes/islamabad-to-faisalabad","/routes"
"/routes/islamabad-to-faisalabad","/about"
"/routes/islamabad-to-faisalabad","/contact"
"/routes/islamabad-to-faisalabad","/book"
"/routes/islamabad-to-faisalabad","/cars/toyota-grande"
"/routes/islamabad-to-faisalabad","/cars/honda-civic"
"/routes/islamabad-to-faisalabad","/cars/prado"
"/routes/islamabad-to-faisalabad","/cars/land-cruiser-v8"
"/routes/islamabad-to-faisalabad","/cars/coaster"
"/routes/islamabad-to-faisalabad","/locations/faisalabad"
"/routes/islamabad-to-faisalabad","/routes/islamabad-to-lahore"
"/routes/islamabad-to-faisalabad","/routes/islamabad-to-multan"
"/routes/islamabad-to-faisalabad","/services/long-distance-travel"
"/routes/islamabad-to-faisalabad","/services/customized-travel"
"/routes/islamabad-to-faisalabad","/car-rental-pakistan"
"/routes/islamabad-to-faisalabad","/locations/punjab"
"/routes/islamabad-to-faisalabad","/locations/khyber-pakhtunkhwa"
"/routes/islamabad-to-faisalabad","/locations/gilgit-baltistan"
"/routes/islamabad-to-faisalabad","/locations/azad-kashmir"
"/routes/islamabad-to-faisalabad","/destinations"
"/routes/islamabad-to-faisalabad","/airport-transfer/islamabad"
"/routes/islamabad-to-faisalabad","/faq"
"/routes/islamabad-to-faisalabad","/cars/land-cruiser-tz"
"/routes/islamabad-to-faisalabad","/cars/revo"
"/routes/islamabad-to-faisalabad","/cars/range-rover"
"/routes/islamabad-to-multan","/"
"/routes/islamabad-to-multan","/cars"
"/routes/islamabad-to-multan","/services"
"/routes/islamabad-to-multan","/northern-areas"
"/routes/islamabad-to-multan","/routes"
"/routes/islamabad-to-multan","/about"
"/routes/islamabad-to-multan","/contact"
"/routes/islamabad-to-multan","/book"
"/routes/islamabad-to-multan","/cars/prado"
"/routes/islamabad-to-multan","/cars/land-cruiser-v8"
"/routes/islamabad-to-multan","/cars/toyota-grande"
"/routes/islamabad-to-multan","/cars/honda-civic"
"/routes/islamabad-to-multan","/cars/coaster"
"/routes/islamabad-to-multan","/locations/multan"
"/routes/islamabad-to-multan","/routes/islamabad-to-lahore"
"/routes/islamabad-to-multan","/routes/islamabad-to-faisalabad"
"/routes/islamabad-to-multan","/services/long-distance-travel"
"/routes/islamabad-to-multan","/services/customized-travel"
"/routes/islamabad-to-multan","/car-rental-pakistan"
"/routes/islamabad-to-multan","/locations/punjab"
"/routes/islamabad-to-multan","/locations/khyber-pakhtunkhwa"
"/routes/islamabad-to-multan","/locations/gilgit-baltistan"
"/routes/islamabad-to-multan","/locations/azad-kashmir"
"/routes/islamabad-to-multan","/destinations"
"/routes/islamabad-to-multan","/airport-transfer/islamabad"
"/routes/islamabad-to-multan","/faq"
"/routes/islamabad-to-multan","/cars/land-cruiser-tz"
"/routes/islamabad-to-multan","/cars/revo"
"/routes/islamabad-to-multan","/cars/range-rover"
"/routes/islamabad-to-murree","/"
"/routes/islamabad-to-murree","/cars"
"/routes/islamabad-to-murree","/services"
"/routes/islamabad-to-murree","/northern-areas"
"/routes/islamabad-to-murree","/routes"
"/routes/islamabad-to-murree","/about"
"/routes/islamabad-to-murree","/contact"
"/routes/islamabad-to-murree","/book"
"/routes/islamabad-to-murree","/cars/prado"
"/routes/islamabad-to-murree","/cars/land-cruiser-v8"
"/routes/islamabad-to-murree","/cars/revo"
"/routes/islamabad-to-murree","/cars/toyota-grande"
"/routes/islamabad-to-murree","/cars/coaster"
"/routes/islamabad-to-murree","/locations/murree"
"/routes/islamabad-to-murree","/destinations/nathia-gali"
"/routes/islamabad-to-murree","/routes/islamabad-to-abbottabad"
"/routes/islamabad-to-murree","/routes/islamabad-to-muzaffarabad"
"/routes/islamabad-to-murree","/services/premium-car-rental"
"/routes/islamabad-to-murree","/services/family-travel"
"/routes/islamabad-to-murree","/car-rental-pakistan"
"/routes/islamabad-to-murree","/locations/punjab"
"/routes/islamabad-to-murree","/locations/khyber-pakhtunkhwa"
"/routes/islamabad-to-murree","/locations/gilgit-baltistan"
"/routes/islamabad-to-murree","/locations/azad-kashmir"
"/routes/islamabad-to-murree","/destinations"
"/routes/islamabad-to-murree","/airport-transfer/islamabad"
"/routes/islamabad-to-murree","/faq"
"/routes/islamabad-to-murree","/cars/land-cruiser-tz"
"/routes/islamabad-to-murree","/cars/honda-civic"
"/routes/islamabad-to-murree","/cars/range-rover"
"/routes/islamabad-to-abbottabad","/"
"/routes/islamabad-to-abbottabad","/cars"
"/routes/islamabad-to-abbottabad","/services"
"/routes/islamabad-to-abbottabad","/northern-areas"
"/routes/islamabad-to-abbottabad","/routes"
"/routes/islamabad-to-abbottabad","/about"
"/routes/islamabad-to-abbottabad","/contact"
"/routes/islamabad-to-abbottabad","/book"
"/routes/islamabad-to-abbottabad","/cars/prado"
"/routes/islamabad-to-abbottabad","/cars/land-cruiser-v8"
"/routes/islamabad-to-abbottabad","/cars/revo"
"/routes/islamabad-to-abbottabad","/cars/toyota-grande"
"/routes/islamabad-to-abbottabad","/cars/coaster"
"/routes/islamabad-to-abbottabad","/locations/abbottabad"
"/routes/islamabad-to-abbottabad","/destinations/nathia-gali"
"/routes/islamabad-to-abbottabad","/routes/islamabad-to-naran"
"/routes/islamabad-to-abbottabad","/routes/islamabad-to-murree"
"/routes/islamabad-to-abbottabad","/services/premium-car-rental"
"/routes/islamabad-to-abbottabad","/services/family-travel"
"/routes/islamabad-to-abbottabad","/car-rental-pakistan"
"/routes/islamabad-to-abbottabad","/locations/punjab"
"/routes/islamabad-to-abbottabad","/locations/khyber-pakhtunkhwa"
"/routes/islamabad-to-abbottabad","/locations/gilgit-baltistan"
"/routes/islamabad-to-abbottabad","/locations/azad-kashmir"
"/routes/islamabad-to-abbottabad","/destinations"
"/routes/islamabad-to-abbottabad","/airport-transfer/islamabad"
"/routes/islamabad-to-abbottabad","/faq"
"/routes/islamabad-to-abbottabad","/cars/land-cruiser-tz"
"/routes/islamabad-to-abbottabad","/cars/honda-civic"
"/routes/islamabad-to-abbottabad","/cars/range-rover"
"/routes/islamabad-to-swat","/"
"/routes/islamabad-to-swat","/cars"
"/routes/islamabad-to-swat","/services"
"/routes/islamabad-to-swat","/northern-areas"
"/routes/islamabad-to-swat","/routes"
"/routes/islamabad-to-swat","/about"
"/routes/islamabad-to-swat","/contact"
"/routes/islamabad-to-swat","/book"
"/routes/islamabad-to-swat","/cars/prado"
"/routes/islamabad-to-swat","/cars/land-cruiser-v8"
"/routes/islamabad-to-swat","/cars/revo"
"/routes/islamabad-to-swat","/cars/toyota-grande"
"/routes/islamabad-to-swat","/cars/coaster"
"/routes/islamabad-to-swat","/locations/swat"
"/routes/islamabad-to-swat","/destinations/kalam"
"/routes/islamabad-to-swat","/destinations/malam-jabba"
"/routes/islamabad-to-swat","/destinations/kumrat-valley"
"/routes/islamabad-to-swat","/services/premium-car-rental"
"/routes/islamabad-to-swat","/services/family-travel"
"/routes/islamabad-to-swat","/car-rental-pakistan"
"/routes/islamabad-to-swat","/locations/punjab"
"/routes/islamabad-to-swat","/locations/khyber-pakhtunkhwa"
"/routes/islamabad-to-swat","/locations/gilgit-baltistan"
"/routes/islamabad-to-swat","/locations/azad-kashmir"
"/routes/islamabad-to-swat","/destinations"
"/routes/islamabad-to-swat","/airport-transfer/islamabad"
"/routes/islamabad-to-swat","/faq"
"/routes/islamabad-to-swat","/cars/land-cruiser-tz"
"/routes/islamabad-to-swat","/cars/honda-civic"
"/routes/islamabad-to-swat","/cars/range-rover"
"/routes/islamabad-to-naran","/"
"/routes/islamabad-to-naran","/cars"
"/routes/islamabad-to-naran","/services"
"/routes/islamabad-to-naran","/northern-areas"
"/routes/islamabad-to-naran","/routes"
"/routes/islamabad-to-naran","/about"
"/routes/islamabad-to-naran","/contact"
"/routes/islamabad-to-naran","/book"
"/routes/islamabad-to-naran","/cars/prado"
"/routes/islamabad-to-naran","/cars/land-cruiser-v8"
"/routes/islamabad-to-naran","/cars/revo"
"/routes/islamabad-to-naran","/cars/land-cruiser-tz"
"/routes/islamabad-to-naran","/cars/coaster"
"/routes/islamabad-to-naran","/locations/naran"
"/routes/islamabad-to-naran","/destinations/shogran"
"/routes/islamabad-to-naran","/destinations/babusar-top"
"/routes/islamabad-to-naran","/routes/islamabad-to-abbottabad"
"/routes/islamabad-to-naran","/services/premium-car-rental"
"/routes/islamabad-to-naran","/services/family-travel"
"/routes/islamabad-to-naran","/car-rental-pakistan"
"/routes/islamabad-to-naran","/locations/punjab"
"/routes/islamabad-to-naran","/locations/khyber-pakhtunkhwa"
"/routes/islamabad-to-naran","/locations/gilgit-baltistan"
"/routes/islamabad-to-naran","/locations/azad-kashmir"
"/routes/islamabad-to-naran","/destinations"
"/routes/islamabad-to-naran","/airport-transfer/islamabad"
"/routes/islamabad-to-naran","/faq"
"/routes/islamabad-to-naran","/cars/honda-civic"
"/routes/islamabad-to-naran","/cars/toyota-grande"
"/routes/islamabad-to-naran","/cars/range-rover"
"/routes/islamabad-to-chitral","/"
"/routes/islamabad-to-chitral","/cars"
"/routes/islamabad-to-chitral","/services"
"/routes/islamabad-to-chitral","/northern-areas"
"/routes/islamabad-to-chitral","/routes"
"/routes/islamabad-to-chitral","/about"
"/routes/islamabad-to-chitral","/contact"
"/routes/islamabad-to-chitral","/book"
"/routes/islamabad-to-chitral","/cars/land-cruiser-v8"
"/routes/islamabad-to-chitral","/cars/prado"
"/routes/islamabad-to-chitral","/cars/revo"
"/routes/islamabad-to-chitral","/cars/land-cruiser-tz"
"/routes/islamabad-to-chitral","/cars/coaster"
"/routes/islamabad-to-chitral","/locations/chitral"
"/routes/islamabad-to-chitral","/destinations/kumrat-valley"
"/routes/islamabad-to-chitral","/routes/islamabad-to-swat"
"/routes/islamabad-to-chitral","/routes/islamabad-to-peshawar"
"/routes/islamabad-to-chitral","/services/premium-car-rental"
"/routes/islamabad-to-chitral","/services/family-travel"
"/routes/islamabad-to-chitral","/car-rental-pakistan"
"/routes/islamabad-to-chitral","/locations/punjab"
"/routes/islamabad-to-chitral","/locations/khyber-pakhtunkhwa"
"/routes/islamabad-to-chitral","/locations/gilgit-baltistan"
"/routes/islamabad-to-chitral","/locations/azad-kashmir"
"/routes/islamabad-to-chitral","/destinations"
"/routes/islamabad-to-chitral","/airport-transfer/islamabad"
"/routes/islamabad-to-chitral","/faq"
"/routes/islamabad-to-chitral","/cars/honda-civic"
"/routes/islamabad-to-chitral","/cars/toyota-grande"
"/routes/islamabad-to-chitral","/cars/range-rover"
"/routes/islamabad-to-gilgit","/"
"/routes/islamabad-to-gilgit","/cars"
"/routes/islamabad-to-gilgit","/services"
"/routes/islamabad-to-gilgit","/northern-areas"
"/routes/islamabad-to-gilgit","/routes"
"/routes/islamabad-to-gilgit","/about"
"/routes/islamabad-to-gilgit","/contact"
"/routes/islamabad-to-gilgit","/book"
"/routes/islamabad-to-gilgit","/cars/prado"
"/routes/islamabad-to-gilgit","/cars/land-cruiser-v8"
"/routes/islamabad-to-gilgit","/cars/land-cruiser-tz"
"/routes/islamabad-to-gilgit","/cars/revo"
"/routes/islamabad-to-gilgit","/cars/coaster"
"/routes/islamabad-to-gilgit","/locations/gilgit"
"/routes/islamabad-to-gilgit","/routes/islamabad-to-hunza"
"/routes/islamabad-to-gilgit","/routes/islamabad-to-skardu"
"/routes/islamabad-to-gilgit","/destinations/naltar-valley"
"/routes/islamabad-to-gilgit","/services/premium-car-rental"
"/routes/islamabad-to-gilgit","/services/family-travel"
"/routes/islamabad-to-gilgit","/car-rental-pakistan"
"/routes/islamabad-to-gilgit","/locations/punjab"
"/routes/islamabad-to-gilgit","/locations/khyber-pakhtunkhwa"
"/routes/islamabad-to-gilgit","/locations/gilgit-baltistan"
"/routes/islamabad-to-gilgit","/locations/azad-kashmir"
"/routes/islamabad-to-gilgit","/destinations"
"/routes/islamabad-to-gilgit","/airport-transfer/islamabad"
"/routes/islamabad-to-gilgit","/faq"
"/routes/islamabad-to-gilgit","/cars/honda-civic"
"/routes/islamabad-to-gilgit","/cars/toyota-grande"
"/routes/islamabad-to-gilgit","/cars/range-rover"
"/routes/islamabad-to-hunza","/"
"/routes/islamabad-to-hunza","/cars"
"/routes/islamabad-to-hunza","/services"
"/routes/islamabad-to-hunza","/northern-areas"
"/routes/islamabad-to-hunza","/routes"
"/routes/islamabad-to-hunza","/about"
"/routes/islamabad-to-hunza","/contact"
"/routes/islamabad-to-hunza","/book"
"/routes/islamabad-to-hunza","/cars/land-cruiser-v8"
"/routes/islamabad-to-hunza","/cars/prado"
"/routes/islamabad-to-hunza","/cars/revo"
"/routes/islamabad-to-hunza","/cars/land-cruiser-tz"
"/routes/islamabad-to-hunza","/cars/coaster"
"/routes/islamabad-to-hunza","/locations/hunza"
"/routes/islamabad-to-hunza","/destinations/attabad-lake"
"/routes/islamabad-to-hunza","/destinations/khunjerab-pass"
"/routes/islamabad-to-hunza","/routes/islamabad-to-gilgit"
"/routes/islamabad-to-hunza","/services/premium-car-rental"
"/routes/islamabad-to-hunza","/services/family-travel"
"/routes/islamabad-to-hunza","/car-rental-pakistan"
"/routes/islamabad-to-hunza","/locations/punjab"
"/routes/islamabad-to-hunza","/locations/khyber-pakhtunkhwa"
"/routes/islamabad-to-hunza","/locations/gilgit-baltistan"
"/routes/islamabad-to-hunza","/locations/azad-kashmir"
"/routes/islamabad-to-hunza","/destinations"
"/routes/islamabad-to-hunza","/airport-transfer/islamabad"
"/routes/islamabad-to-hunza","/faq"
"/routes/islamabad-to-hunza","/cars/honda-civic"
"/routes/islamabad-to-hunza","/cars/toyota-grande"
"/routes/islamabad-to-hunza","/cars/range-rover"
"/routes/islamabad-to-skardu","/"
"/routes/islamabad-to-skardu","/cars"
"/routes/islamabad-to-skardu","/services"
"/routes/islamabad-to-skardu","/northern-areas"
"/routes/islamabad-to-skardu","/routes"
"/routes/islamabad-to-skardu","/about"
"/routes/islamabad-to-skardu","/contact"
"/routes/islamabad-to-skardu","/book"
"/routes/islamabad-to-skardu","/cars/land-cruiser-v8"
"/routes/islamabad-to-skardu","/cars/prado"
"/routes/islamabad-to-skardu","/cars/revo"
"/routes/islamabad-to-skardu","/cars/land-cruiser-tz"
"/routes/islamabad-to-skardu","/cars/coaster"
"/routes/islamabad-to-skardu","/locations/skardu"
"/routes/islamabad-to-skardu","/destinations/deosai-national-park"
"/routes/islamabad-to-skardu","/destinations/shigar-valley"
"/routes/islamabad-to-skardu","/destinations/khaplu"
"/routes/islamabad-to-skardu","/services/premium-car-rental"
"/routes/islamabad-to-skardu","/services/family-travel"
"/routes/islamabad-to-skardu","/car-rental-pakistan"
"/routes/islamabad-to-skardu","/locations/punjab"
"/routes/islamabad-to-skardu","/locations/khyber-pakhtunkhwa"
"/routes/islamabad-to-skardu","/locations/gilgit-baltistan"
"/routes/islamabad-to-skardu","/locations/azad-kashmir"
"/routes/islamabad-to-skardu","/destinations"
"/routes/islamabad-to-skardu","/airport-transfer/islamabad"
"/routes/islamabad-to-skardu","/faq"
"/routes/islamabad-to-skardu","/cars/honda-civic"
"/routes/islamabad-to-skardu","/cars/toyota-grande"
"/routes/islamabad-to-skardu","/cars/range-rover"
"/routes/islamabad-to-muzaffarabad","/"
"/routes/islamabad-to-muzaffarabad","/cars"
"/routes/islamabad-to-muzaffarabad","/services"
"/routes/islamabad-to-muzaffarabad","/northern-areas"
"/routes/islamabad-to-muzaffarabad","/routes"
"/routes/islamabad-to-muzaffarabad","/about"
"/routes/islamabad-to-muzaffarabad","/contact"
"/routes/islamabad-to-muzaffarabad","/book"
"/routes/islamabad-to-muzaffarabad","/cars/prado"
"/routes/islamabad-to-muzaffarabad","/cars/land-cruiser-v8"
"/routes/islamabad-to-muzaffarabad","/cars/toyota-grande"
"/routes/islamabad-to-muzaffarabad","/cars/revo"
"/routes/islamabad-to-muzaffarabad","/cars/coaster"
"/routes/islamabad-to-muzaffarabad","/locations/muzaffarabad"
"/routes/islamabad-to-muzaffarabad","/destinations/neelum-valley"
"/routes/islamabad-to-muzaffarabad","/routes/islamabad-to-murree"
"/routes/islamabad-to-muzaffarabad","/services/premium-car-rental"
"/routes/islamabad-to-muzaffarabad","/services/family-travel"
"/routes/islamabad-to-muzaffarabad","/car-rental-pakistan"
"/routes/islamabad-to-muzaffarabad","/locations/punjab"
"/routes/islamabad-to-muzaffarabad","/locations/khyber-pakhtunkhwa"
"/routes/islamabad-to-muzaffarabad","/locations/gilgit-baltistan"
"/routes/islamabad-to-muzaffarabad","/locations/azad-kashmir"
"/routes/islamabad-to-muzaffarabad","/destinations"
"/routes/islamabad-to-muzaffarabad","/airport-transfer/islamabad"
"/routes/islamabad-to-muzaffarabad","/faq"
"/routes/islamabad-to-muzaffarabad","/cars/land-cruiser-tz"
"/routes/islamabad-to-muzaffarabad","/cars/honda-civic"
"/routes/islamabad-to-muzaffarabad","/cars/range-rover"
"/locations/punjab","/"
"/locations/punjab","/cars"
"/locations/punjab","/services"
"/locations/punjab","/northern-areas"
"/locations/punjab","/routes"
"/locations/punjab","/about"
"/locations/punjab","/contact"
"/locations/punjab","/book"
"/locations/punjab","/locations"
"/locations/punjab","/locations/rawalpindi"
"/locations/punjab","/locations/lahore"
"/locations/punjab","/locations/faisalabad"
"/locations/punjab","/locations/multan"
"/locations/punjab","/locations/murree"
"/locations/punjab","/routes/islamabad-to-lahore"
"/locations/punjab","/routes/islamabad-to-faisalabad"
"/locations/punjab","/routes/islamabad-to-multan"
"/locations/punjab","/routes/islamabad-to-murree"
"/locations/punjab","/cars/prado"
"/locations/punjab","/cars/land-cruiser-v8"
"/locations/punjab","/cars/toyota-grande"
"/locations/punjab","/cars/coaster"
"/locations/punjab","/car-rental-pakistan"
"/locations/punjab","/locations/punjab"
"/locations/punjab","/locations/khyber-pakhtunkhwa"
"/locations/punjab","/locations/gilgit-baltistan"
"/locations/punjab","/locations/azad-kashmir"
"/locations/punjab","/destinations"
"/locations/punjab","/airport-transfer/islamabad"
"/locations/punjab","/faq"
"/locations/punjab","/cars/land-cruiser-tz"
"/locations/punjab","/cars/revo"
"/locations/punjab","/cars/honda-civic"
"/locations/punjab","/cars/range-rover"
"/locations/khyber-pakhtunkhwa","/"
"/locations/khyber-pakhtunkhwa","/cars"
"/locations/khyber-pakhtunkhwa","/services"
"/locations/khyber-pakhtunkhwa","/northern-areas"
"/locations/khyber-pakhtunkhwa","/routes"
"/locations/khyber-pakhtunkhwa","/about"
"/locations/khyber-pakhtunkhwa","/contact"
"/locations/khyber-pakhtunkhwa","/book"
"/locations/khyber-pakhtunkhwa","/locations"
"/locations/khyber-pakhtunkhwa","/locations/peshawar"
"/locations/khyber-pakhtunkhwa","/locations/abbottabad"
"/locations/khyber-pakhtunkhwa","/locations/swat"
"/locations/khyber-pakhtunkhwa","/locations/naran"
"/locations/khyber-pakhtunkhwa","/locations/chitral"
"/locations/khyber-pakhtunkhwa","/destinations/nathia-gali"
"/locations/khyber-pakhtunkhwa","/destinations/shogran"
"/locations/khyber-pakhtunkhwa","/destinations/babusar-top"
"/locations/khyber-pakhtunkhwa","/destinations/kalam"
"/locations/khyber-pakhtunkhwa","/destinations/malam-jabba"
"/locations/khyber-pakhtunkhwa","/destinations/kumrat-valley"
"/locations/khyber-pakhtunkhwa","/routes/islamabad-to-peshawar"
"/locations/khyber-pakhtunkhwa","/routes/islamabad-to-abbottabad"
"/locations/khyber-pakhtunkhwa","/routes/islamabad-to-swat"
"/locations/khyber-pakhtunkhwa","/routes/islamabad-to-naran"
"/locations/khyber-pakhtunkhwa","/routes/islamabad-to-chitral"
"/locations/khyber-pakhtunkhwa","/cars/prado"
"/locations/khyber-pakhtunkhwa","/cars/land-cruiser-v8"
"/locations/khyber-pakhtunkhwa","/cars/toyota-grande"
"/locations/khyber-pakhtunkhwa","/cars/coaster"
"/locations/khyber-pakhtunkhwa","/car-rental-pakistan"
"/locations/khyber-pakhtunkhwa","/locations/punjab"
"/locations/khyber-pakhtunkhwa","/locations/khyber-pakhtunkhwa"
"/locations/khyber-pakhtunkhwa","/locations/gilgit-baltistan"
"/locations/khyber-pakhtunkhwa","/locations/azad-kashmir"
"/locations/khyber-pakhtunkhwa","/destinations"
"/locations/khyber-pakhtunkhwa","/airport-transfer/islamabad"
"/locations/khyber-pakhtunkhwa","/faq"
"/locations/khyber-pakhtunkhwa","/cars/land-cruiser-tz"
"/locations/khyber-pakhtunkhwa","/cars/revo"
"/locations/khyber-pakhtunkhwa","/cars/honda-civic"
"/locations/khyber-pakhtunkhwa","/cars/range-rover"
"/locations/gilgit-baltistan","/"
"/locations/gilgit-baltistan","/cars"
"/locations/gilgit-baltistan","/services"
"/locations/gilgit-baltistan","/northern-areas"
"/locations/gilgit-baltistan","/routes"
"/locations/gilgit-baltistan","/about"
"/locations/gilgit-baltistan","/contact"
"/locations/gilgit-baltistan","/book"
"/locations/gilgit-baltistan","/locations"
"/locations/gilgit-baltistan","/locations/gilgit"
"/locations/gilgit-baltistan","/locations/hunza"
"/locations/gilgit-baltistan","/locations/skardu"
"/locations/gilgit-baltistan","/destinations/attabad-lake"
"/locations/gilgit-baltistan","/destinations/khunjerab-pass"
"/locations/gilgit-baltistan","/destinations/fairy-meadows"
"/locations/gilgit-baltistan","/destinations/deosai-national-park"
"/locations/gilgit-baltistan","/destinations/naltar-valley"
"/locations/gilgit-baltistan","/destinations/astore-valley"
"/locations/gilgit-baltistan","/destinations/shigar-valley"
"/locations/gilgit-baltistan","/destinations/khaplu"
"/locations/gilgit-baltistan","/routes/islamabad-to-gilgit"
"/locations/gilgit-baltistan","/routes/islamabad-to-hunza"
"/locations/gilgit-baltistan","/routes/islamabad-to-skardu"
"/locations/gilgit-baltistan","/cars/prado"
"/locations/gilgit-baltistan","/cars/land-cruiser-v8"
"/locations/gilgit-baltistan","/cars/toyota-grande"
"/locations/gilgit-baltistan","/cars/coaster"
"/locations/gilgit-baltistan","/car-rental-pakistan"
"/locations/gilgit-baltistan","/locations/punjab"
"/locations/gilgit-baltistan","/locations/khyber-pakhtunkhwa"
"/locations/gilgit-baltistan","/locations/gilgit-baltistan"
"/locations/gilgit-baltistan","/locations/azad-kashmir"
"/locations/gilgit-baltistan","/destinations"
"/locations/gilgit-baltistan","/airport-transfer/islamabad"
"/locations/gilgit-baltistan","/faq"
"/locations/gilgit-baltistan","/cars/land-cruiser-tz"
"/locations/gilgit-baltistan","/cars/revo"
"/locations/gilgit-baltistan","/cars/honda-civic"
"/locations/gilgit-baltistan","/cars/range-rover"
"/locations/azad-kashmir","/"
"/locations/azad-kashmir","/cars"
"/locations/azad-kashmir","/services"
"/locations/azad-kashmir","/northern-areas"
"/locations/azad-kashmir","/routes"
"/locations/azad-kashmir","/about"
"/locations/azad-kashmir","/contact"
"/locations/azad-kashmir","/book"
"/locations/azad-kashmir","/locations"
"/locations/azad-kashmir","/locations/muzaffarabad"
"/locations/azad-kashmir","/destinations/neelum-valley"
"/locations/azad-kashmir","/routes/islamabad-to-muzaffarabad"
"/locations/azad-kashmir","/cars/prado"
"/locations/azad-kashmir","/cars/land-cruiser-v8"
"/locations/azad-kashmir","/cars/toyota-grande"
"/locations/azad-kashmir","/cars/coaster"
"/locations/azad-kashmir","/car-rental-pakistan"
"/locations/azad-kashmir","/locations/punjab"
"/locations/azad-kashmir","/locations/khyber-pakhtunkhwa"
"/locations/azad-kashmir","/locations/gilgit-baltistan"
"/locations/azad-kashmir","/locations/azad-kashmir"
"/locations/azad-kashmir","/destinations"
"/locations/azad-kashmir","/airport-transfer/islamabad"
"/locations/azad-kashmir","/faq"
"/locations/azad-kashmir","/cars/land-cruiser-tz"
"/locations/azad-kashmir","/cars/revo"
"/locations/azad-kashmir","/cars/honda-civic"
"/locations/azad-kashmir","/cars/range-rover"
"/car-rental-pakistan","/"
"/car-rental-pakistan","/cars"
"/car-rental-pakistan","/services"
"/car-rental-pakistan","/northern-areas"
"/car-rental-pakistan","/routes"
"/car-rental-pakistan","/about"
"/car-rental-pakistan","/contact"
"/car-rental-pakistan","/book"
"/car-rental-pakistan","/locations/punjab"
"/car-rental-pakistan","/locations/rawalpindi"
"/car-rental-pakistan","/routes/islamabad-to-lahore"
"/car-rental-pakistan","/routes/islamabad-to-faisalabad"
"/car-rental-pakistan","/routes/islamabad-to-multan"
"/car-rental-pakistan","/locations/khyber-pakhtunkhwa"
"/car-rental-pakistan","/routes/islamabad-to-peshawar"
"/car-rental-pakistan","/routes/islamabad-to-abbottabad"
"/car-rental-pakistan","/routes/islamabad-to-swat"
"/car-rental-pakistan","/routes/islamabad-to-naran"
"/car-rental-pakistan","/locations/gilgit-baltistan"
"/car-rental-pakistan","/routes/islamabad-to-gilgit"
"/car-rental-pakistan","/routes/islamabad-to-hunza"
"/car-rental-pakistan","/routes/islamabad-to-skardu"
"/car-rental-pakistan","/destinations/attabad-lake"
"/car-rental-pakistan","/locations/azad-kashmir"
"/car-rental-pakistan","/routes/islamabad-to-muzaffarabad"
"/car-rental-pakistan","/destinations/neelum-valley"
"/car-rental-pakistan","/locations/islamabad"
"/car-rental-pakistan","/airport-transfer/islamabad"
"/car-rental-pakistan","/services/premium-car-rental"
"/car-rental-pakistan","/services/chauffeur-service"
"/car-rental-pakistan","/services/airport-transfers"
"/car-rental-pakistan","/services/business-travel"
"/car-rental-pakistan","/services/corporate-transportation"
"/car-rental-pakistan","/services/family-travel"
"/car-rental-pakistan","/cars/prado"
"/car-rental-pakistan","/cars/land-cruiser-v8"
"/car-rental-pakistan","/cars/revo"
"/car-rental-pakistan","/cars/toyota-grande"
"/car-rental-pakistan","/cars/honda-civic"
"/car-rental-pakistan","/cars/coaster"
"/car-rental-pakistan","/car-rental-pakistan"
"/car-rental-pakistan","/destinations"
"/car-rental-pakistan","/faq"
"/car-rental-pakistan","/cars/land-cruiser-tz"
"/car-rental-pakistan","/cars/range-rover"
"/northern-areas","/"
"/northern-areas","/cars"
"/northern-areas","/services"
"/northern-areas","/northern-areas"
"/northern-areas","/routes"
"/northern-areas","/about"
"/northern-areas","/contact"
"/northern-areas","/book"
"/northern-areas","/routes/islamabad-to-murree"
"/northern-areas","/destinations/nathia-gali"
"/northern-areas","/routes/islamabad-to-abbottabad"
"/northern-areas","/routes/islamabad-to-naran"
"/northern-areas","/destinations/shogran"
"/northern-areas","/destinations/babusar-top"
"/northern-areas","/routes/islamabad-to-swat"
"/northern-areas","/destinations/kalam"
"/northern-areas","/destinations/malam-jabba"
"/northern-areas","/destinations/kumrat-valley"
"/northern-areas","/routes/islamabad-to-chitral"
"/northern-areas","/routes/islamabad-to-hunza"
"/northern-areas","/destinations/attabad-lake"
"/northern-areas","/destinations/khunjerab-pass"
"/northern-areas","/routes/islamabad-to-gilgit"
"/northern-areas","/destinations/naltar-valley"
"/northern-areas","/routes/islamabad-to-skardu"
"/northern-areas","/destinations/shigar-valley"
"/northern-areas","/destinations/khaplu"
"/northern-areas","/destinations/deosai-national-park"
"/northern-areas","/destinations/fairy-meadows"
"/northern-areas","/destinations/astore-valley"
"/northern-areas","/routes/islamabad-to-muzaffarabad"
"/northern-areas","/destinations/neelum-valley"
"/northern-areas","/cars/prado"
"/northern-areas","/cars/land-cruiser-v8"
"/northern-areas","/cars/land-cruiser-tz"
"/northern-areas","/cars/revo"
"/northern-areas","/cars/coaster"
"/northern-areas","/car-rental-pakistan"
"/northern-areas","/locations/punjab"
"/northern-areas","/locations/khyber-pakhtunkhwa"
"/northern-areas","/locations/gilgit-baltistan"
"/northern-areas","/locations/azad-kashmir"
"/northern-areas","/destinations"
"/northern-areas","/airport-transfer/islamabad"
"/northern-areas","/faq"
"/northern-areas","/cars/honda-civic"
"/northern-areas","/cars/toyota-grande"
"/northern-areas","/cars/range-rover"
"/locations","/"
"/locations","/cars"
"/locations","/services"
"/locations","/northern-areas"
"/locations","/routes"
"/locations","/about"
"/locations","/contact"
"/locations","/book"
"/locations","/locations/islamabad"
"/locations","/locations/rawalpindi"
"/locations","/locations/punjab"
"/locations","/locations/lahore"
"/locations","/locations/faisalabad"
"/locations","/locations/multan"
"/locations","/locations/murree"
"/locations","/locations/khyber-pakhtunkhwa"
"/locations","/locations/peshawar"
"/locations","/locations/abbottabad"
"/locations","/locations/swat"
"/locations","/locations/naran"
"/locations","/locations/chitral"
"/locations","/locations/gilgit-baltistan"
"/locations","/locations/gilgit"
"/locations","/locations/hunza"
"/locations","/locations/skardu"
"/locations","/locations/azad-kashmir"
"/locations","/locations/muzaffarabad"
"/locations","/car-rental-pakistan"
"/locations","/destinations"
"/locations","/airport-transfer/islamabad"
"/locations","/faq"
"/locations","/cars/land-cruiser-v8"
"/locations","/cars/land-cruiser-tz"
"/locations","/cars/prado"
"/locations","/cars/revo"
"/locations","/cars/honda-civic"
"/locations","/cars/toyota-grande"
"/locations","/cars/range-rover"
"/locations","/cars/coaster"
"/destinations","/"
"/destinations","/cars"
"/destinations","/services"
"/destinations","/northern-areas"
"/destinations","/routes"
"/destinations","/about"
"/destinations","/contact"
"/destinations","/book"
"/destinations","/destinations/nathia-gali"
"/destinations","/destinations/shogran"
"/destinations","/destinations/babusar-top"
"/destinations","/destinations/kalam"
"/destinations","/destinations/malam-jabba"
"/destinations","/destinations/kumrat-valley"
"/destinations","/destinations/attabad-lake"
"/destinations","/destinations/khunjerab-pass"
"/destinations","/destinations/naltar-valley"
"/destinations","/destinations/shigar-valley"
"/destinations","/destinations/khaplu"
"/destinations","/destinations/deosai-national-park"
"/destinations","/destinations/fairy-meadows"
"/destinations","/destinations/astore-valley"
"/destinations","/destinations/neelum-valley"
"/destinations","/car-rental-pakistan"
"/destinations","/locations/punjab"
"/destinations","/locations/khyber-pakhtunkhwa"
"/destinations","/locations/gilgit-baltistan"
"/destinations","/locations/azad-kashmir"
"/destinations","/destinations"
"/destinations","/airport-transfer/islamabad"
"/destinations","/faq"
"/destinations","/cars/land-cruiser-v8"
"/destinations","/cars/land-cruiser-tz"
"/destinations","/cars/prado"
"/destinations","/cars/revo"
"/destinations","/cars/honda-civic"
"/destinations","/cars/toyota-grande"
"/destinations","/cars/range-rover"
"/destinations","/cars/coaster"
"/routes","/"
"/routes","/cars"
"/routes","/services"
"/routes","/northern-areas"
"/routes","/routes"
"/routes","/about"
"/routes","/contact"
"/routes","/book"
"/routes","/routes/islamabad-to-lahore"
"/routes","/routes/islamabad-to-peshawar"
"/routes","/routes/islamabad-to-faisalabad"
"/routes","/routes/islamabad-to-multan"
"/routes","/routes/islamabad-to-murree"
"/routes","/routes/islamabad-to-abbottabad"
"/routes","/destinations/nathia-gali"
"/routes","/routes/islamabad-to-swat"
"/routes","/destinations/kalam"
"/routes","/routes/islamabad-to-naran"
"/routes","/routes/islamabad-to-muzaffarabad"
"/routes","/destinations/neelum-valley"
"/routes","/routes/islamabad-to-chitral"
"/routes","/routes/islamabad-to-gilgit"
"/routes","/routes/islamabad-to-hunza"
"/routes","/routes/islamabad-to-skardu"
"/routes","/destinations/fairy-meadows"
"/routes","/destinations/deosai-national-park"
"/routes","/destinations/astore-valley"
"/routes","/destinations/naltar-valley"
"/routes","/destinations/attabad-lake"
"/routes","/destinations/khunjerab-pass"
"/routes","/destinations/babusar-top"
"/routes","/destinations/shogran"
"/routes","/destinations/kumrat-valley"
"/routes","/destinations/malam-jabba"
"/routes","/destinations/shigar-valley"
"/routes","/destinations/khaplu"
"/routes","/car-rental-pakistan"
"/routes","/locations/punjab"
"/routes","/locations/khyber-pakhtunkhwa"
"/routes","/locations/gilgit-baltistan"
"/routes","/locations/azad-kashmir"
"/routes","/destinations"
"/routes","/airport-transfer/islamabad"
"/routes","/faq"
"/routes","/cars/land-cruiser-v8"
"/routes","/cars/land-cruiser-tz"
"/routes","/cars/prado"
"/routes","/cars/revo"
"/routes","/cars/honda-civic"
"/routes","/cars/toyota-grande"
"/routes","/cars/range-rover"
"/routes","/cars/coaster"
"/faq","/"
"/faq","/cars"
"/faq","/services"
"/faq","/northern-areas"
"/faq","/routes"
"/faq","/about"
"/faq","/contact"
"/faq","/book"
"/faq","/car-rental-pakistan"
"/faq","/locations/punjab"
"/faq","/locations/khyber-pakhtunkhwa"
"/faq","/locations/gilgit-baltistan"
"/faq","/locations/azad-kashmir"
"/faq","/destinations"
"/faq","/airport-transfer/islamabad"
"/faq","/faq"
"/faq","/cars/land-cruiser-v8"
"/faq","/cars/land-cruiser-tz"
"/faq","/cars/prado"
"/faq","/cars/revo"
"/faq","/cars/honda-civic"
"/faq","/cars/toyota-grande"
"/faq","/cars/range-rover"
"/faq","/cars/coaster"
